activity_id,branch_method,branch_time_in_child,branch_time_in_parent,experiment,experiment_id,frequency,grid,grid_label,institution_id,nominal_resolution,parent_activity_id,parent_experiment_id,parent_source_id,parent_time_units,parent_variant_label,product,realm,source_id,source_type,sub_experiment,sub_experiment_id,table_id,variable_id,variant_label,member_id,standard_name,long_name,units,vertical_levels,init_year,start_time,end_time,time_range,path,version
CMIP,standard,0.0,7305.0,all-forcing simulation of the recent past,historical,6hr,LMDZ grid,gr,IPSL,500 km,CMIP,piControl,IPSL-CM5A2-INCA,days since 1850-01-01 00:00:00,r1i1p1f1,model-output,atmos,IPSL-CM5A2-INCA,AOGCM BGC AER CHEM,none,none,6hrPlev,sfcWind,r1i1p1f1,r1i1p1f1,wind_speed,Near-Surface Wind Speed,m s-1,1,,1850-01-01 03:00:00,2014-12-31 21:00:00,1850-01-01 03:00:00-2014-12-31 21:00:00,/uda/cmip6/CMIP/IPSL/IPSL-CM5A2-INCA/historical/r1i1p1f1/6hrPlev/sfcWind/gr/v20200729/sfcWind_6hrPlev_IPSL-CM5A2-INCA_historical_r1i1p1f1_gr_185001010300-201412312100.nc,v20200729
CMIP,standard,0.0,7305.0,all-forcing simulation of the recent past,historical,6hrPt,LMDZ grid,gr,IPSL,500 km,CMIP,piControl,IPSL-CM5A2-INCA,days since 1850-01-01 00:00:00,r1i1p1f1,model-output,atmos,IPSL-CM5A2-INCA,AOGCM BGC AER CHEM,none,none,6hrPlevPt,sfcWind,r1i1p1f1,r1i1p1f1,wind_speed,Near-Surface Wind Speed,m s-1,1,,1850-01-01 06:00:00,2010-01-01 00:00:00,1850-01-01 06:00:00-2010-01-01 00:00:00,/uda/cmip6/CMIP/IPSL/IPSL-CM5A2-INCA/historical/r1i1p1f1/6hrPlevPt/sfcWind/gr/v20200729/sfcWind_6hrPlevPt_IPSL-CM5A2-INCA_historical_r1i1p1f1_gr_185001010600-201001010000.nc,v20200729
CMIP,standard,0.0,7305.0,all-forcing simulation of the recent past,historical,mon,LMDZ grid,gr,IPSL,500 km,CMIP,piControl,IPSL-CM5A2-INCA,days since 1850-01-01 00:00:00,r1i1p1f1,model-output,aerosol,IPSL-CM5A2-INCA,AOGCM BGC AER CHEM,none,none,AERmon,ch4,r1i1p1f1,r1i1p1f1,mole_fraction_of_methane_in_air,CH4 volume mixing ratio,mol mol-1,1,,1850-01-16 12:00:00,2014-12-16 12:00:00,1850-01-16 12:00:00-2014-12-16 12:00:00,/uda/cmip6/CMIP/IPSL/IPSL-CM5A2-INCA/historical/r1i1p1f1/AERmon/ch4/gr/v20200729/ch4_AERmon_IPSL-CM5A2-INCA_historical_r1i1p1f1_gr_185001-201412.nc,v20200729
CMIP,standard,0.0,7305.0,all-forcing simulation of the recent past,historical,mon,LMDZ grid,gr,IPSL,500 km,CMIP,piControl,IPSL-CM5A2-INCA,days since 1850-01-01 00:00:00,r1i1p1f1,model-output,aerosol,IPSL-CM5A2-INCA,AOGCM BGC AER CHEM,none,none,AERmon,cheaqpso4,r1i1p1f1,r1i1p1f1,tendency_of_atmosphere_mass_content_of_sulfate_dry_aerosol_particles_due_to_aqueous_phase_net_chemical_production,Aqueous-phase production rate of SO4,kg m-2 s-1,1,,1850-01-16 12:00:00,2014-12-16 12:00:00,1850-01-16 12:00:00-2014-12-16 12:00:00,/uda/cmip6/CMIP/IPSL/IPSL-CM5A2-INCA/historical/r1i1p1f1/AERmon/cheaqpso4/gr/v20200729/cheaqpso4_AERmon_IPSL-CM5A2-INCA_historical_r1i1p1f1_gr_185001-201412.nc,v20200729
CMIP,standard,0.0,7305.0,all-forcing simulation of the recent past,historical,mon,LMDZ grid,gr,IPSL,500 km,CMIP,piControl,IPSL-CM5A2-INCA,days since 1850-01-01 00:00:00,r1i1p1f1,model-output,aerosol,IPSL-CM5A2-INCA,AOGCM BGC AER CHEM,none,none,AERmon,co,r1i1p1f1,r1i1p1f1,mole_fraction_of_carbon_monoxide_in_air,CO volume mixing ratio,mol mol-1,1,,1850-01-16 12:00:00,2014-12-16 12:00:00,1850-01-16 12:00:00-2014-12-16 12:00:00,/uda/cmip6/CMIP/IPSL/IPSL-CM5A2-INCA/historical/r1i1p1f1/AERmon/co/gr/v20200729/co_AERmon_IPSL-CM5A2-INCA_historical_r1i1p1f1_gr_185001-201412.nc,v20200729
CMIP,standard,0.0,7305.0,all-forcing simulation of the recent past,historical,mon,LMDZ grid,gr,IPSL,500 km,CMIP,piControl,IPSL-CM5A2-INCA,days since 1850-01-01 00:00:00,r1i1p1f1,model-output,aerosol,IPSL-CM5A2-INCA,AOGCM BGC AER CHEM,none,none,AERmon,drybc,r1i1p1f1,r1i1p1f1,minus_tendency_of_atmosphere_mass_content_of_elemental_carbon_dry_aerosol_particles_due_to_dry_deposition,dry deposition rate of black carbon aerosol mass,kg m-2 s-1,1,,1850-01-16 12:00:00,2014-12-16 12:00:00,1850-01-16 12:00:00-2014-12-16 12:00:00,/uda/cmip6/CMIP/IPSL/IPSL-CM5A2-INCA/historical/r1i1p1f1/AERmon/drybc/gr/v20200729/drybc_AERmon_IPSL-CM5A2-INCA_historical_r1i1p1f1_gr_185001-201412.nc,v20200729
CMIP,standard,0.0,7305.0,all-forcing simulation of the recent past,historical,mon,LMDZ grid,gr,IPSL,500 km,CMIP,piControl,IPSL-CM5A2-INCA,days since 1850-01-01 00:00:00,r1i1p1f1,model-output,aerosol,IPSL-CM5A2-INCA,AOGCM BGC AER CHEM,none,none,AERmon,drynh3,r1i1p1f1,r1i1p1f1,minus_tendency_of_atmosphere_mass_content_of_ammonia_due_to_dry_deposition,dry deposition rate of nh3,kg m-2 s-1,1,,1850-01-16 12:00:00,2014-12-16 12:00:00,1850-01-16 12:00:00-2014-12-16 12:00:00,/uda/cmip6/CMIP/IPSL/IPSL-CM5A2-INCA/historical/r1i1p1f1/AERmon/drynh3/gr/v20200729/drynh3_AERmon_IPSL-CM5A2-INCA_historical_r1i1p1f1_gr_185001-201412.nc,v20200729
CMIP,standard,0.0,7305.0,all-forcing simulation of the recent past,historical,mon,LMDZ grid,gr,IPSL,500 km,CMIP,piControl,IPSL-CM5A2-INCA,days since 1850-01-01 00:00:00,r1i1p1f1,model-output,aerosol,IPSL-CM5A2-INCA,AOGCM BGC AER CHEM,none,none,AERmon,drynh4,r1i1p1f1,r1i1p1f1,minus_tendency_of_atmosphere_mass_content_of_ammonium_dry_aerosol_particles_due_to_dry_deposition,dry deposition rate of nh4,kg m-2 s-1,1,,1850-01-16 12:00:00,2014-12-16 12:00:00,1850-01-16 12:00:00-2014-12-16 12:00:00,/uda/cmip6/CMIP/IPSL/IPSL-CM5A2-INCA/historical/r1i1p1f1/AERmon/drynh4/gr/v20200729/drynh4_AERmon_IPSL-CM5A2-INCA_historical_r1i1p1f1_gr_185001-201412.nc,v20200729
CMIP,standard,0.0,7305.0,all-forcing simulation of the recent past,historical,mon,LMDZ grid,gr,IPSL,500 km,CMIP,piControl,IPSL-CM5A2-INCA,days since 1850-01-01 00:00:00,r1i1p1f1,model-output,aerosol,IPSL-CM5A2-INCA,AOGCM BGC AER CHEM,none,none,AERmon,drynoy,r1i1p1f1,r1i1p1f1,minus_tendency_of_atmosphere_mass_content_of_noy_expressed_as_nitrogen_due_to_dry_deposition,dry deposition rate of noy,kg m-2 s-1,1,,1850-01-16 12:00:00,2014-12-16 12:00:00,1850-01-16 12:00:00-2014-12-16 12:00:00,/uda/cmip6/CMIP/IPSL/IPSL-CM5A2-INCA/historical/r1i1p1f1/AERmon/drynoy/gr/v20200729/drynoy_AERmon_IPSL-CM5A2-INCA_historical_r1i1p1f1_gr_185001-201412.nc,v20200729
CMIP,standard,0.0,7305.0,all-forcing simulation of the recent past,historical,mon,LMDZ grid,gr,IPSL,500 km,CMIP,piControl,IPSL-CM5A2-INCA,days since 1850-01-01 00:00:00,r1i1p1f1,model-output,aerosol,IPSL-CM5A2-INCA,AOGCM BGC AER CHEM,none,none,AERmon,dryso2,r1i1p1f1,r1i1p1f1,minus_tendency_of_atmosphere_mass_content_of_sulfur_dioxide_due_to_dry_deposition,dry deposition rate of so2,kg m-2 s-1,1,,1850-01-16 12:00:00,2014-12-16 12:00:00,1850-01-16 12:00:00-2014-12-16 12:00:00,/uda/cmip6/CMIP/IPSL/IPSL-CM5A2-INCA/historical/r1i1p1f1/AERmon/dryso2/gr/v20200729/dryso2_AERmon_IPSL-CM5A2-INCA_historical_r1i1p1f1_gr_185001-201412.nc,v20200729
CMIP,standard,0.0,7305.0,all-forcing simulation of the recent past,historical,mon,LMDZ grid,gr,IPSL,500 km,CMIP,piControl,IPSL-CM5A2-INCA,days since 1850-01-01 00:00:00,r1i1p1f1,model-output,aerosol,IPSL-CM5A2-INCA,AOGCM BGC AER CHEM,none,none,AERmon,dryso4,r1i1p1f1,r1i1p1f1,minus_tendency_of_atmosphere_mass_content_of_sulfate_dry_aerosol_particles_due_to_dry_deposition,dry deposition rate of so4,kg m-2 s-1,1,,1850-01-16 12:00:00,2014-12-16 12:00:00,1850-01-16 12:00:00-2014-12-16 12:00:00,/uda/cmip6/CMIP/IPSL/IPSL-CM5A2-INCA/historical/r1i1p1f1/AERmon/dryso4/gr/v20200729/dryso4_AERmon_IPSL-CM5A2-INCA_historical_r1i1p1f1_gr_185001-201412.nc,v20200729
CMIP,standard,0.0,7305.0,all-forcing simulation of the recent past,historical,mon,LMDZ grid,gr,IPSL,500 km,CMIP,piControl,IPSL-CM5A2-INCA,days since 1850-01-01 00:00:00,r1i1p1f1,model-output,aerosol,IPSL-CM5A2-INCA,AOGCM BGC AER CHEM,none,none,AERmon,emibc,r1i1p1f1,r1i1p1f1,tendency_of_atmosphere_mass_content_of_elemental_carbon_dry_aerosol_particles_due_to_emission,emission rate of black carbon aerosol mass,kg m-2 s-1,1,,1850-01-16 12:00:00,2014-12-16 12:00:00,1850-01-16 12:00:00-2014-12-16 12:00:00,/uda/cmip6/CMIP/IPSL/IPSL-CM5A2-INCA/historical/r1i1p1f1/AERmon/emibc/gr/v20200729/emibc_AERmon_IPSL-CM5A2-INCA_historical_r1i1p1f1_gr_185001-201412.nc,v20200729
CMIP,standard,0.0,7305.0,all-forcing simulation of the recent past,historical,mon,LMDZ grid,gr,IPSL,500 km,CMIP,piControl,IPSL-CM5A2-INCA,days since 1850-01-01 00:00:00,r1i1p1f1,model-output,aerosol,IPSL-CM5A2-INCA,AOGCM BGC AER CHEM,none,none,AERmon,emico,r1i1p1f1,r1i1p1f1,tendency_of_atmosphere_mass_content_of_carbon_monoxide_due_to_emission,total emission rate of co,kg m-2 s-1,1,,1850-01-16 12:00:00,2014-12-16 12:00:00,1850-01-16 12:00:00-2014-12-16 12:00:00,/uda/cmip6/CMIP/IPSL/IPSL-CM5A2-INCA/historical/r1i1p1f1/AERmon/emico/gr/v20200729/emico_AERmon_IPSL-CM5A2-INCA_historical_r1i1p1f1_gr_185001-201412.nc,v20200729
CMIP,standard,0.0,7305.0,all-forcing simulation of the recent past,historical,mon,LMDZ grid,gr,IPSL,500 km,CMIP,piControl,IPSL-CM5A2-INCA,days since 1850-01-01 00:00:00,r1i1p1f1,model-output,aerosol,IPSL-CM5A2-INCA,AOGCM BGC AER CHEM,none,none,AERmon,emidms,r1i1p1f1,r1i1p1f1,tendency_of_atmosphere_mass_content_of_dimethyl_sulfide_due_to_emission,total emission rate of dms,kg m-2 s-1,1,,1850-01-16 12:00:00,2014-12-16 12:00:00,1850-01-16 12:00:00-2014-12-16 12:00:00,/uda/cmip6/CMIP/IPSL/IPSL-CM5A2-INCA/historical/r1i1p1f1/AERmon/emidms/gr/v20200729/emidms_AERmon_IPSL-CM5A2-INCA_historical_r1i1p1f1_gr_185001-201412.nc,v20200729
CMIP,standard,0.0,7305.0,all-forcing simulation of the recent past,historical,mon,LMDZ grid,gr,IPSL,500 km,CMIP,piControl,IPSL-CM5A2-INCA,days since 1850-01-01 00:00:00,r1i1p1f1,model-output,aerosol,IPSL-CM5A2-INCA,AOGCM BGC AER CHEM,none,none,AERmon,emidust,r1i1p1f1,r1i1p1f1,tendency_of_atmosphere_mass_content_of_dust_dry_aerosol_particles_due_to_emission,total emission rate of dust,kg m-2 s-1,1,,1850-01-16 12:00:00,2014-12-16 12:00:00,1850-01-16 12:00:00-2014-12-16 12:00:00,/uda/cmip6/CMIP/IPSL/IPSL-CM5A2-INCA/historical/r1i1p1f1/AERmon/emidust/gr/v20200729/emidust_AERmon_IPSL-CM5A2-INCA_historical_r1i1p1f1_gr_185001-201412.nc,v20200729
CMIP,standard,0.0,7305.0,all-forcing simulation of the recent past,historical,mon,LMDZ grid,gr,IPSL,500 km,CMIP,piControl,IPSL-CM5A2-INCA,days since 1850-01-01 00:00:00,r1i1p1f1,model-output,aerosol,IPSL-CM5A2-INCA,AOGCM BGC AER CHEM,none,none,AERmon,emiisop,r1i1p1f1,r1i1p1f1,tendency_of_atmosphere_mass_content_of_isoprene_due_to_emission,total emission rate of isoprene,kg m-2 s-1,1,,1850-01-16 12:00:00,2014-12-16 12:00:00,1850-01-16 12:00:00-2014-12-16 12:00:00,/uda/cmip6/CMIP/IPSL/IPSL-CM5A2-INCA/historical/r1i1p1f1/AERmon/emiisop/gr/v20200729/emiisop_AERmon_IPSL-CM5A2-INCA_historical_r1i1p1f1_gr_185001-201412.nc,v20200729
CMIP,standard,0.0,7305.0,all-forcing simulation of the recent past,historical,mon,LMDZ grid,gr,IPSL,500 km,CMIP,piControl,IPSL-CM5A2-INCA,days since 1850-01-01 00:00:00,r1i1p1f1,model-output,aerosol,IPSL-CM5A2-INCA,AOGCM BGC AER CHEM,none,none,AERmon,emilnox,r1i1p1f1,r1i1p1f1,tendency_of_atmosphere_moles_of_nox_expressed_as_nitrogen,layer-integrated lightning production of NOx,mol s-1,1,,1850-01-16 12:00:00,2014-12-16 12:00:00,1850-01-16 12:00:00-2014-12-16 12:00:00,/uda/cmip6/CMIP/IPSL/IPSL-CM5A2-INCA/historical/r1i1p1f1/AERmon/emilnox/gr/v20200729/emilnox_AERmon_IPSL-CM5A2-INCA_historical_r1i1p1f1_gr_185001-201412.nc,v20200729
CMIP,standard,0.0,7305.0,all-forcing simulation of the recent past,historical,mon,LMDZ grid,gr,IPSL,500 km,CMIP,piControl,IPSL-CM5A2-INCA,days since 1850-01-01 00:00:00,r1i1p1f1,model-output,aerosol,IPSL-CM5A2-INCA,AOGCM BGC AER CHEM,none,none,AERmon,eminh3,r1i1p1f1,r1i1p1f1,tendency_of_atmosphere_mass_content_of_ammonia_due_to_emission,total emission rate of nh3,kg m-2 s-1,1,,1850-01-16 12:00:00,2014-12-16 12:00:00,1850-01-16 12:00:00-2014-12-16 12:00:00,/uda/cmip6/CMIP/IPSL/IPSL-CM5A2-INCA/historical/r1i1p1f1/AERmon/eminh3/gr/v20200729/eminh3_AERmon_IPSL-CM5A2-INCA_historical_r1i1p1f1_gr_185001-201412.nc,v20200729
CMIP,standard,0.0,7305.0,all-forcing simulation of the recent past,historical,mon,LMDZ grid,gr,IPSL,500 km,CMIP,piControl,IPSL-CM5A2-INCA,days since 1850-01-01 00:00:00,r1i1p1f1,model-output,aerosol,IPSL-CM5A2-INCA,AOGCM BGC AER CHEM,none,none,AERmon,eminox,r1i1p1f1,r1i1p1f1,tendency_of_atmosphere_mass_content_of_nox_expressed_as_nitrogen_due_to_emission,total emission rate of nox,kg m-2 s-1,1,,1850-01-16 12:00:00,2014-12-16 12:00:00,1850-01-16 12:00:00-2014-12-16 12:00:00,/uda/cmip6/CMIP/IPSL/IPSL-CM5A2-INCA/historical/r1i1p1f1/AERmon/eminox/gr/v20200729/eminox_AERmon_IPSL-CM5A2-INCA_historical_r1i1p1f1_gr_185001-201412.nc,v20200729
CMIP,standard,0.0,7305.0,all-forcing simulation of the recent past,historical,mon,LMDZ grid,gr,IPSL,500 km,CMIP,piControl,IPSL-CM5A2-INCA,days since 1850-01-01 00:00:00,r1i1p1f1,model-output,aerosol,IPSL-CM5A2-INCA,AOGCM BGC AER CHEM,none,none,AERmon,emioa,r1i1p1f1,r1i1p1f1,tendency_of_atmosphere_mass_content_of_particulate_organic_matter_dry_aerosol_particles_due_to_net_chemical_production_and_emission,primary emission and chemical production of dry aerosol organic matter,kg m-2 s-1,1,,1850-01-16 12:00:00,2014-12-16 12:00:00,1850-01-16 12:00:00-2014-12-16 12:00:00,/uda/cmip6/CMIP/IPSL/IPSL-CM5A2-INCA/historical/r1i1p1f1/AERmon/emioa/gr/v20200729/emioa_AERmon_IPSL-CM5A2-INCA_historical_r1i1p1f1_gr_185001-201412.nc,v20200729
CMIP,standard,0.0,7305.0,all-forcing simulation of the recent past,historical,mon,LMDZ grid,gr,IPSL,500 km,CMIP,piControl,IPSL-CM5A2-INCA,days since 1850-01-01 00:00:00,r1i1p1f1,model-output,aerosol,IPSL-CM5A2-INCA,AOGCM BGC AER CHEM,none,none,AERmon,emiso2,r1i1p1f1,r1i1p1f1,tendency_of_atmosphere_mass_content_of_sulfur_dioxide_due_to_emission,total emission rate of so2,kg m-2 s-1,1,,1850-01-16 12:00:00,2014-12-16 12:00:00,1850-01-16 12:00:00-2014-12-16 12:00:00,/uda/cmip6/CMIP/IPSL/IPSL-CM5A2-INCA/historical/r1i1p1f1/AERmon/emiso2/gr/v20200729/emiso2_AERmon_IPSL-CM5A2-INCA_historical_r1i1p1f1_gr_185001-201412.nc,v20200729
CMIP,standard,0.0,7305.0,all-forcing simulation of the recent past,historical,mon,LMDZ grid,gr,IPSL,500 km,CMIP,piControl,IPSL-CM5A2-INCA,days since 1850-01-01 00:00:00,r1i1p1f1,model-output,aerosol,IPSL-CM5A2-INCA,AOGCM BGC AER CHEM,none,none,AERmon,emiss,r1i1p1f1,r1i1p1f1,tendency_of_atmosphere_mass_content_of_sea_salt_dry_aerosol_particles_due_to_emission,total emission rate of seasalt,kg m-2 s-1,1,,1850-01-16 12:00:00,2014-12-16 12:00:00,1850-01-16 12:00:00-2014-12-16 12:00:00,/uda/cmip6/CMIP/IPSL/IPSL-CM5A2-INCA/historical/r1i1p1f1/AERmon/emiss/gr/v20200729/emiss_AERmon_IPSL-CM5A2-INCA_historical_r1i1p1f1_gr_185001-201412.nc,v20200729
CMIP,standard,0.0,7305.0,all-forcing simulation of the recent past,historical,mon,LMDZ grid,gr,IPSL,500 km,CMIP,piControl,IPSL-CM5A2-INCA,days since 1850-01-01 00:00:00,r1i1p1f1,model-output,aerosol,IPSL-CM5A2-INCA,AOGCM BGC AER CHEM,none,none,AERmon,isop,r1i1p1f1,r1i1p1f1,mole_fraction_of_isoprene_in_air,Isoprene volume mixing ratio,mol mol-1,1,,1850-01-16 12:00:00,2014-12-16 12:00:00,1850-01-16 12:00:00-2014-12-16 12:00:00,/uda/cmip6/CMIP/IPSL/IPSL-CM5A2-INCA/historical/r1i1p1f1/AERmon/isop/gr/v20200729/isop_AERmon_IPSL-CM5A2-INCA_historical_r1i1p1f1_gr_185001-201412.nc,v20200729
CMIP,standard,0.0,7305.0,all-forcing simulation of the recent past,historical,mon,LMDZ grid,gr,IPSL,500 km,CMIP,piControl,IPSL-CM5A2-INCA,days since 1850-01-01 00:00:00,r1i1p1f1,model-output,aerosol,IPSL-CM5A2-INCA,AOGCM BGC AER CHEM,none,none,AERmon,lossch4,r1i1p1f1,r1i1p1f1,tendency_of_atmosphere_mole_concentration_of_methane_due_to_chemical_destruction,Monthly Loss of atmospheric Methane,mol m-3 s-1,1,,1850-01-16 12:00:00,2014-12-16 12:00:00,1850-01-16 12:00:00-2014-12-16 12:00:00,/uda/cmip6/CMIP/IPSL/IPSL-CM5A2-INCA/historical/r1i1p1f1/AERmon/lossch4/gr/v20200729/lossch4_AERmon_IPSL-CM5A2-INCA_historical_r1i1p1f1_gr_185001-201412.nc,v20200729
CMIP,standard,0.0,7305.0,all-forcing simulation of the recent past,historical,mon,LMDZ grid,gr,IPSL,500 km,CMIP,piControl,IPSL-CM5A2-INCA,days since 1850-01-01 00:00:00,r1i1p1f1,model-output,aerosol,IPSL-CM5A2-INCA,AOGCM BGC AER CHEM,none,none,AERmon,lossco,r1i1p1f1,r1i1p1f1,tendency_of_atmosphere_mole_concentration_of_carbon_monoxide_due_to_chemical_destruction,Monthly Loss of atmospheric Carbon Monoxide,mol m-3 s-1,1,,1850-01-16 12:00:00,2014-12-16 12:00:00,1850-01-16 12:00:00-2014-12-16 12:00:00,/uda/cmip6/CMIP/IPSL/IPSL-CM5A2-INCA/historical/r1i1p1f1/AERmon/lossco/gr/v20200729/lossco_AERmon_IPSL-CM5A2-INCA_historical_r1i1p1f1_gr_185001-201412.nc,v20200729
CMIP,standard,0.0,7305.0,all-forcing simulation of the recent past,historical,mon,LMDZ grid,gr,IPSL,500 km,CMIP,piControl,IPSL-CM5A2-INCA,days since 1850-01-01 00:00:00,r1i1p1f1,model-output,aerosol,IPSL-CM5A2-INCA,AOGCM BGC AER CHEM,none,none,AERmon,mmrbc,r1i1p1f1,r1i1p1f1,mass_fraction_of_elemental_carbon_dry_aerosol_particles_in_air,Elemental carbon mass mixing ratio,kg kg-1,1,,1850-01-16 12:00:00,2014-12-16 12:00:00,1850-01-16 12:00:00-2014-12-16 12:00:00,/uda/cmip6/CMIP/IPSL/IPSL-CM5A2-INCA/historical/r1i1p1f1/AERmon/mmrbc/gr/v20200729/mmrbc_AERmon_IPSL-CM5A2-INCA_historical_r1i1p1f1_gr_185001-201412.nc,v20200729
CMIP,standard,0.0,7305.0,all-forcing simulation of the recent past,historical,mon,LMDZ grid,gr,IPSL,500 km,CMIP,piControl,IPSL-CM5A2-INCA,days since 1850-01-01 00:00:00,r1i1p1f1,model-output,aerosol,IPSL-CM5A2-INCA,AOGCM BGC AER CHEM,none,none,AERmon,mmrnh4,r1i1p1f1,r1i1p1f1,mass_fraction_of_ammonium_dry_aerosol_particles_in_air,NH4 mass mixing ratio,kg kg-1,1,,1850-01-16 12:00:00,2014-12-16 12:00:00,1850-01-16 12:00:00-2014-12-16 12:00:00,/uda/cmip6/CMIP/IPSL/IPSL-CM5A2-INCA/historical/r1i1p1f1/AERmon/mmrnh4/gr/v20200729/mmrnh4_AERmon_IPSL-CM5A2-INCA_historical_r1i1p1f1_gr_185001-201412.nc,v20200729
CMIP,standard,0.0,7305.0,all-forcing simulation of the recent past,historical,mon,LMDZ grid,gr,IPSL,500 km,CMIP,piControl,IPSL-CM5A2-INCA,days since 1850-01-01 00:00:00,r1i1p1f1,model-output,aerosol,IPSL-CM5A2-INCA,AOGCM BGC AER CHEM,none,none,AERmon,mmrno3,r1i1p1f1,r1i1p1f1,mass_fraction_of_nitrate_dry_aerosol_particles_in_air,NO3 aerosol mass mixing ratio,kg kg-1,1,,1850-01-16 12:00:00,2014-12-16 12:00:00,1850-01-16 12:00:00-2014-12-16 12:00:00,/uda/cmip6/CMIP/IPSL/IPSL-CM5A2-INCA/historical/r1i1p1f1/AERmon/mmrno3/gr/v20200729/mmrno3_AERmon_IPSL-CM5A2-INCA_historical_r1i1p1f1_gr_185001-201412.nc,v20200729
CMIP,standard,0.0,7305.0,all-forcing simulation of the recent past,historical,mon,LMDZ grid,gr,IPSL,500 km,CMIP,piControl,IPSL-CM5A2-INCA,days since 1850-01-01 00:00:00,r1i1p1f1,model-output,aerosol,IPSL-CM5A2-INCA,AOGCM BGC AER CHEM,none,none,AERmon,mmrso4,r1i1p1f1,r1i1p1f1,mass_fraction_of_sulfate_dry_aerosol_particles_in_air,Aerosol sulfate mass mixing ratio,kg kg-1,1,,1850-01-16 12:00:00,2014-12-16 12:00:00,1850-01-16 12:00:00-2014-12-16 12:00:00,/uda/cmip6/CMIP/IPSL/IPSL-CM5A2-INCA/historical/r1i1p1f1/AERmon/mmrso4/gr/v20200729/mmrso4_AERmon_IPSL-CM5A2-INCA_historical_r1i1p1f1_gr_185001-201412.nc,v20200729
CMIP,standard,0.0,7305.0,all-forcing simulation of the recent past,historical,mon,LMDZ grid,gr,IPSL,500 km,CMIP,piControl,IPSL-CM5A2-INCA,days since 1850-01-01 00:00:00,r1i1p1f1,model-output,aerosol,IPSL-CM5A2-INCA,AOGCM BGC AER CHEM,none,none,AERmon,no,r1i1p1f1,r1i1p1f1,mole_fraction_of_nitrogen_monoxide_in_air,NO volume mixing ratio,mol mol-1,1,,1850-01-16 12:00:00,2014-12-16 12:00:00,1850-01-16 12:00:00-2014-12-16 12:00:00,/uda/cmip6/CMIP/IPSL/IPSL-CM5A2-INCA/historical/r1i1p1f1/AERmon/no/gr/v20200729/no_AERmon_IPSL-CM5A2-INCA_historical_r1i1p1f1_gr_185001-201412.nc,v20200729
CMIP,standard,0.0,7305.0,all-forcing simulation of the recent past,historical,mon,LMDZ grid,gr,IPSL,500 km,CMIP,piControl,IPSL-CM5A2-INCA,days since 1850-01-01 00:00:00,r1i1p1f1,model-output,aerosol,IPSL-CM5A2-INCA,AOGCM BGC AER CHEM,none,none,AERmon,no2,r1i1p1f1,r1i1p1f1,mole_fraction_of_nitrogen_dioxide_in_air,NO2 volume mixing ratio,mol mol-1,1,,1850-01-16 12:00:00,2014-12-16 12:00:00,1850-01-16 12:00:00-2014-12-16 12:00:00,/uda/cmip6/CMIP/IPSL/IPSL-CM5A2-INCA/historical/r1i1p1f1/AERmon/no2/gr/v20200729/no2_AERmon_IPSL-CM5A2-INCA_historical_r1i1p1f1_gr_185001-201412.nc,v20200729
CMIP,standard,0.0,7305.0,all-forcing simulation of the recent past,historical,mon,LMDZ grid,gr,IPSL,500 km,CMIP,piControl,IPSL-CM5A2-INCA,days since 1850-01-01 00:00:00,r1i1p1f1,model-output,aerosol,IPSL-CM5A2-INCA,AOGCM BGC AER CHEM,none,none,AERmon,o3,r1i1p1f1,r1i1p1f1,mole_fraction_of_ozone_in_air,Ozone volume mixing ratio,mol mol-1,1,,1850-01-16 12:00:00,2014-12-16 12:00:00,1850-01-16 12:00:00-2014-12-16 12:00:00,/uda/cmip6/CMIP/IPSL/IPSL-CM5A2-INCA/historical/r1i1p1f1/AERmon/o3/gr/v20200729/o3_AERmon_IPSL-CM5A2-INCA_historical_r1i1p1f1_gr_185001-201412.nc,v20200729
CMIP,standard,0.0,7305.0,all-forcing simulation of the recent past,historical,mon,LMDZ grid,gr,IPSL,500 km,CMIP,piControl,IPSL-CM5A2-INCA,days since 1850-01-01 00:00:00,r1i1p1f1,model-output,aerosol,IPSL-CM5A2-INCA,AOGCM BGC AER CHEM,none,none,AERmon,o3loss,r1i1p1f1,r1i1p1f1,tendency_of_atmosphere_mole_concentration_of_ozone_due_to_chemical_destruction,O3 destruction rate,mol m-3 s-1,1,,1850-01-16 12:00:00,2014-12-16 12:00:00,1850-01-16 12:00:00-2014-12-16 12:00:00,/uda/cmip6/CMIP/IPSL/IPSL-CM5A2-INCA/historical/r1i1p1f1/AERmon/o3loss/gr/v20200729/o3loss_AERmon_IPSL-CM5A2-INCA_historical_r1i1p1f1_gr_185001-201412.nc,v20200729
CMIP,standard,0.0,7305.0,all-forcing simulation of the recent past,historical,mon,LMDZ grid,gr,IPSL,500 km,CMIP,piControl,IPSL-CM5A2-INCA,days since 1850-01-01 00:00:00,r1i1p1f1,model-output,aerosol,IPSL-CM5A2-INCA,AOGCM BGC AER CHEM,none,none,AERmon,o3prod,r1i1p1f1,r1i1p1f1,tendency_of_atmosphere_mole_concentration_of_ozone_due_to_chemical_production,O3 production rate,mol m-3 s-1,1,,1850-01-16 12:00:00,2014-12-16 12:00:00,1850-01-16 12:00:00-2014-12-16 12:00:00,/uda/cmip6/CMIP/IPSL/IPSL-CM5A2-INCA/historical/r1i1p1f1/AERmon/o3prod/gr/v20200729/o3prod_AERmon_IPSL-CM5A2-INCA_historical_r1i1p1f1_gr_185001-201412.nc,v20200729
CMIP,standard,0.0,7305.0,all-forcing simulation of the recent past,historical,mon,LMDZ grid,gr,IPSL,500 km,CMIP,piControl,IPSL-CM5A2-INCA,days since 1850-01-01 00:00:00,r1i1p1f1,model-output,aerosol,IPSL-CM5A2-INCA,AOGCM BGC AER CHEM,none,none,AERmon,o3ste,r1i1p1f1,r1i1p1f1,mole_fraction_of_ozone_in_air,Stratospheric Ozone Tracer Volume Mixing Ratio,mol mol-1,1,,1850-01-16 12:00:00,2014-12-16 12:00:00,1850-01-16 12:00:00-2014-12-16 12:00:00,/uda/cmip6/CMIP/IPSL/IPSL-CM5A2-INCA/historical/r1i1p1f1/AERmon/o3ste/gr/v20200729/o3ste_AERmon_IPSL-CM5A2-INCA_historical_r1i1p1f1_gr_185001-201412.nc,v20200729
CMIP,standard,0.0,7305.0,all-forcing simulation of the recent past,historical,mon,LMDZ grid,gr,IPSL,500 km,CMIP,piControl,IPSL-CM5A2-INCA,days since 1850-01-01 00:00:00,r1i1p1f1,model-output,aerosol,IPSL-CM5A2-INCA,AOGCM BGC AER CHEM,none,none,AERmon,od550bc,r1i1p1f1,r1i1p1f1,atmosphere_optical_thickness_due_to_black_carbon_ambient_aerosol,black carbon aod@550nm,1,1,,1850-01-16 12:00:00,2014-12-16 12:00:00,1850-01-16 12:00:00-2014-12-16 12:00:00,/uda/cmip6/CMIP/IPSL/IPSL-CM5A2-INCA/historical/r1i1p1f1/AERmon/od550bc/gr/v20200729/od550bc_AERmon_IPSL-CM5A2-INCA_historical_r1i1p1f1_gr_185001-201412.nc,v20200729
CMIP,standard,0.0,7305.0,all-forcing simulation of the recent past,historical,mon,LMDZ grid,gr,IPSL,500 km,CMIP,piControl,IPSL-CM5A2-INCA,days since 1850-01-01 00:00:00,r1i1p1f1,model-output,aerosol,IPSL-CM5A2-INCA,AOGCM BGC AER CHEM,none,none,AERmon,od550no3,r1i1p1f1,r1i1p1f1,atmosphere_optical_thickness_due_to_nitrate_ambient_aerosol_particles,nitrate aod@550nm,1,1,,1850-01-16 12:00:00,2014-12-16 12:00:00,1850-01-16 12:00:00-2014-12-16 12:00:00,/uda/cmip6/CMIP/IPSL/IPSL-CM5A2-INCA/historical/r1i1p1f1/AERmon/od550no3/gr/v20200729/od550no3_AERmon_IPSL-CM5A2-INCA_historical_r1i1p1f1_gr_185001-201412.nc,v20200729
CMIP,standard,0.0,7305.0,all-forcing simulation of the recent past,historical,mon,LMDZ grid,gr,IPSL,500 km,CMIP,piControl,IPSL-CM5A2-INCA,days since 1850-01-01 00:00:00,r1i1p1f1,model-output,aerosol,IPSL-CM5A2-INCA,AOGCM BGC AER CHEM,none,none,AERmon,od550oa,r1i1p1f1,r1i1p1f1,atmosphere_optical_thickness_due_to_particulate_organic_matter_ambient_aerosol_particles,total organic aerosol aod@550nm,1,1,,1850-01-16 12:00:00,2014-12-16 12:00:00,1850-01-16 12:00:00-2014-12-16 12:00:00,/uda/cmip6/CMIP/IPSL/IPSL-CM5A2-INCA/historical/r1i1p1f1/AERmon/od550oa/gr/v20200729/od550oa_AERmon_IPSL-CM5A2-INCA_historical_r1i1p1f1_gr_185001-201412.nc,v20200729
CMIP,standard,0.0,7305.0,all-forcing simulation of the recent past,historical,mon,LMDZ grid,gr,IPSL,500 km,CMIP,piControl,IPSL-CM5A2-INCA,days since 1850-01-01 00:00:00,r1i1p1f1,model-output,aerosol,IPSL-CM5A2-INCA,AOGCM BGC AER CHEM,none,none,AERmon,od550so4,r1i1p1f1,r1i1p1f1,atmosphere_optical_thickness_due_to_sulfate_ambient_aerosol_particles,sulfate aod@550nm,1,1,,1850-01-16 12:00:00,2014-12-16 12:00:00,1850-01-16 12:00:00-2014-12-16 12:00:00,/uda/cmip6/CMIP/IPSL/IPSL-CM5A2-INCA/historical/r1i1p1f1/AERmon/od550so4/gr/v20200729/od550so4_AERmon_IPSL-CM5A2-INCA_historical_r1i1p1f1_gr_185001-201412.nc,v20200729
CMIP,standard,0.0,7305.0,all-forcing simulation of the recent past,historical,mon,LMDZ grid,gr,IPSL,500 km,CMIP,piControl,IPSL-CM5A2-INCA,days since 1850-01-01 00:00:00,r1i1p1f1,model-output,aerosol,IPSL-CM5A2-INCA,AOGCM BGC AER CHEM,none,none,AERmon,so2,r1i1p1f1,r1i1p1f1,mole_fraction_of_sulfur_dioxide_in_air,SO2 volume mixing ratio,mol mol-1,1,,1850-01-16 12:00:00,2014-12-16 12:00:00,1850-01-16 12:00:00-2014-12-16 12:00:00,/uda/cmip6/CMIP/IPSL/IPSL-CM5A2-INCA/historical/r1i1p1f1/AERmon/so2/gr/v20200729/so2_AERmon_IPSL-CM5A2-INCA_historical_r1i1p1f1_gr_185001-201412.nc,v20200729
CMIP,standard,0.0,7305.0,all-forcing simulation of the recent past,historical,mon,LMDZ grid,gr,IPSL,500 km,CMIP,piControl,IPSL-CM5A2-INCA,days since 1850-01-01 00:00:00,r1i1p1f1,model-output,aerosol,IPSL-CM5A2-INCA,AOGCM BGC AER CHEM,none,none,AERmon,wetbc,r1i1p1f1,r1i1p1f1,minus_tendency_of_atmosphere_mass_content_of_elemental_carbon_dry_aerosol_particles_due_to_wet_deposition,wet deposition rate of black carbon aerosol mass,kg m-2 s-1,1,,1850-01-16 12:00:00,2014-12-16 12:00:00,1850-01-16 12:00:00-2014-12-16 12:00:00,/uda/cmip6/CMIP/IPSL/IPSL-CM5A2-INCA/historical/r1i1p1f1/AERmon/wetbc/gr/v20200729/wetbc_AERmon_IPSL-CM5A2-INCA_historical_r1i1p1f1_gr_185001-201412.nc,v20200729
CMIP,standard,0.0,7305.0,all-forcing simulation of the recent past,historical,mon,LMDZ grid,gr,IPSL,500 km,CMIP,piControl,IPSL-CM5A2-INCA,days since 1850-01-01 00:00:00,r1i1p1f1,model-output,aerosol,IPSL-CM5A2-INCA,AOGCM BGC AER CHEM,none,none,AERmon,wetnh3,r1i1p1f1,r1i1p1f1,minus_tendency_of_atmosphere_mass_content_of_ammonia_due_to_wet_deposition,Wet Deposition Rate of NH3,kg m-2 s-1,1,,1850-01-16 12:00:00,2014-12-16 12:00:00,1850-01-16 12:00:00-2014-12-16 12:00:00,/uda/cmip6/CMIP/IPSL/IPSL-CM5A2-INCA/historical/r1i1p1f1/AERmon/wetnh3/gr/v20200729/wetnh3_AERmon_IPSL-CM5A2-INCA_historical_r1i1p1f1_gr_185001-201412.nc,v20200729
CMIP,standard,0.0,7305.0,all-forcing simulation of the recent past,historical,mon,LMDZ grid,gr,IPSL,500 km,CMIP,piControl,IPSL-CM5A2-INCA,days since 1850-01-01 00:00:00,r1i1p1f1,model-output,aerosol,IPSL-CM5A2-INCA,AOGCM BGC AER CHEM,none,none,AERmon,wetnh4,r1i1p1f1,r1i1p1f1,minus_tendency_of_atmosphere_mass_content_of_ammonium_dry_aerosol_particles_due_to_wet_deposition,Wet Deposition Rate of NH4,kg m-2 s-1,1,,1850-01-16 12:00:00,2014-12-16 12:00:00,1850-01-16 12:00:00-2014-12-16 12:00:00,/uda/cmip6/CMIP/IPSL/IPSL-CM5A2-INCA/historical/r1i1p1f1/AERmon/wetnh4/gr/v20200729/wetnh4_AERmon_IPSL-CM5A2-INCA_historical_r1i1p1f1_gr_185001-201412.nc,v20200729
CMIP,standard,0.0,7305.0,all-forcing simulation of the recent past,historical,mon,LMDZ grid,gr,IPSL,500 km,CMIP,piControl,IPSL-CM5A2-INCA,days since 1850-01-01 00:00:00,r1i1p1f1,model-output,aerosol,IPSL-CM5A2-INCA,AOGCM BGC AER CHEM,none,none,AERmon,wetnoy,r1i1p1f1,r1i1p1f1,minus_tendency_of_atmosphere_mass_content_of_noy_expressed_as_nitrogen_due_to_wet_deposition,Wet Deposition Rate of NOy including Aerosol Nitrate,kg m-2 s-1,1,,1850-01-16 12:00:00,2014-12-16 12:00:00,1850-01-16 12:00:00-2014-12-16 12:00:00,/uda/cmip6/CMIP/IPSL/IPSL-CM5A2-INCA/historical/r1i1p1f1/AERmon/wetnoy/gr/v20200729/wetnoy_AERmon_IPSL-CM5A2-INCA_historical_r1i1p1f1_gr_185001-201412.nc,v20200729
CMIP,standard,0.0,7305.0,all-forcing simulation of the recent past,historical,mon,LMDZ grid,gr,IPSL,500 km,CMIP,piControl,IPSL-CM5A2-INCA,days since 1850-01-01 00:00:00,r1i1p1f1,model-output,aerosol,IPSL-CM5A2-INCA,AOGCM BGC AER CHEM,none,none,AERmon,wetso2,r1i1p1f1,r1i1p1f1,minus_tendency_of_atmosphere_mass_content_of_sulfur_dioxide_due_to_wet_deposition,Wet Deposition Rate of SO2,kg m-2 s-1,1,,1850-01-16 12:00:00,2014-12-16 12:00:00,1850-01-16 12:00:00-2014-12-16 12:00:00,/uda/cmip6/CMIP/IPSL/IPSL-CM5A2-INCA/historical/r1i1p1f1/AERmon/wetso2/gr/v20200729/wetso2_AERmon_IPSL-CM5A2-INCA_historical_r1i1p1f1_gr_185001-201412.nc,v20200729
CMIP,standard,0.0,7305.0,all-forcing simulation of the recent past,historical,mon,LMDZ grid,gr,IPSL,500 km,CMIP,piControl,IPSL-CM5A2-INCA,days since 1850-01-01 00:00:00,r1i1p1f1,model-output,aerosol,IPSL-CM5A2-INCA,AOGCM BGC AER CHEM,none,none,AERmon,wetso4,r1i1p1f1,r1i1p1f1,minus_tendency_of_atmosphere_mass_content_of_sulfate_dry_aerosol_particles_due_to_wet_deposition,Wet Deposition Rate of SO4,kg m-2 s-1,1,,1850-01-16 12:00:00,2014-12-16 12:00:00,1850-01-16 12:00:00-2014-12-16 12:00:00,/uda/cmip6/CMIP/IPSL/IPSL-CM5A2-INCA/historical/r1i1p1f1/AERmon/wetso4/gr/v20200729/wetso4_AERmon_IPSL-CM5A2-INCA_historical_r1i1p1f1_gr_185001-201412.nc,v20200729
CMIP,standard,0.0,7305.0,all-forcing simulation of the recent past,historical,mon,LMDZ grid,gr,IPSL,500 km,CMIP,piControl,IPSL-CM5A2-INCA,days since 1850-01-01 00:00:00,r1i1p1f1,model-output,atmos,IPSL-CM5A2-INCA,AOGCM BGC AER CHEM,none,none,Amon,pr,r1i1p1f1,r1i1p1f1,precipitation_flux,Precipitation,kg m-2 s-1,1,,1850-01-16 12:00:00,2014-12-16 12:00:00,1850-01-16 12:00:00-2014-12-16 12:00:00,/uda/cmip6/CMIP/IPSL/IPSL-CM5A2-INCA/historical/r1i1p1f1/Amon/pr/gr/v20200729/pr_Amon_IPSL-CM5A2-INCA_historical_r1i1p1f1_gr_185001-201412.nc,v20200729
CMIP,standard,0.0,7305.0,all-forcing simulation of the recent past,historical,mon,LMDZ grid,gr,IPSL,500 km,CMIP,piControl,IPSL-CM5A2-INCA,days since 1850-01-01 00:00:00,r1i1p1f1,model-output,atmos,IPSL-CM5A2-INCA,AOGCM BGC AER CHEM,none,none,Amon,prsn,r1i1p1f1,r1i1p1f1,snowfall_flux,Snowfall Flux,kg m-2 s-1,1,,1850-01-16 12:00:00,2014-12-16 12:00:00,1850-01-16 12:00:00-2014-12-16 12:00:00,/uda/cmip6/CMIP/IPSL/IPSL-CM5A2-INCA/historical/r1i1p1f1/Amon/prsn/gr/v20200729/prsn_Amon_IPSL-CM5A2-INCA_historical_r1i1p1f1_gr_185001-201412.nc,v20200729
CMIP,standard,0.0,7305.0,all-forcing simulation of the recent past,historical,mon,LMDZ grid,gr,IPSL,500 km,CMIP,piControl,IPSL-CM5A2-INCA,days since 1850-01-01 00:00:00,r1i1p1f1,model-output,atmos,IPSL-CM5A2-INCA,AOGCM BGC AER CHEM,none,none,Amon,psl,r1i1p1f1,r1i1p1f1,air_pressure_at_mean_sea_level,Sea Level Pressure,Pa,1,,1850-01-16 12:00:00,2014-12-16 12:00:00,1850-01-16 12:00:00-2014-12-16 12:00:00,/uda/cmip6/CMIP/IPSL/IPSL-CM5A2-INCA/historical/r1i1p1f1/Amon/psl/gr/v20200729/psl_Amon_IPSL-CM5A2-INCA_historical_r1i1p1f1_gr_185001-201412.nc,v20200729
CMIP,standard,0.0,7305.0,all-forcing simulation of the recent past,historical,mon,LMDZ grid,gr,IPSL,500 km,CMIP,piControl,IPSL-CM5A2-INCA,days since 1850-01-01 00:00:00,r1i1p1f1,model-output,atmos,IPSL-CM5A2-INCA,AOGCM BGC AER CHEM,none,none,Amon,rlut,r1i1p1f1,r1i1p1f1,toa_outgoing_longwave_flux,TOA Outgoing Longwave Radiation,W m-2,1,,1850-01-16 12:00:00,2014-12-16 12:00:00,1850-01-16 12:00:00-2014-12-16 12:00:00,/uda/cmip6/CMIP/IPSL/IPSL-CM5A2-INCA/historical/r1i1p1f1/Amon/rlut/gr/v20200729/rlut_Amon_IPSL-CM5A2-INCA_historical_r1i1p1f1_gr_185001-201412.nc,v20200729
CMIP,standard,0.0,7305.0,all-forcing simulation of the recent past,historical,mon,LMDZ grid,gr,IPSL,500 km,CMIP,piControl,IPSL-CM5A2-INCA,days since 1850-01-01 00:00:00,r1i1p1f1,model-output,atmos,IPSL-CM5A2-INCA,AOGCM BGC AER CHEM,none,none,Amon,rsdt,r1i1p1f1,r1i1p1f1,toa_incoming_shortwave_flux,TOA Incident Shortwave Radiation,W m-2,1,,1850-01-16 12:00:00,2014-12-16 12:00:00,1850-01-16 12:00:00-2014-12-16 12:00:00,/uda/cmip6/CMIP/IPSL/IPSL-CM5A2-INCA/historical/r1i1p1f1/Amon/rsdt/gr/v20200729/rsdt_Amon_IPSL-CM5A2-INCA_historical_r1i1p1f1_gr_185001-201412.nc,v20200729
CMIP,standard,0.0,7305.0,all-forcing simulation of the recent past,historical,mon,LMDZ grid,gr,IPSL,500 km,CMIP,piControl,IPSL-CM5A2-INCA,days since 1850-01-01 00:00:00,r1i1p1f1,model-output,atmos,IPSL-CM5A2-INCA,AOGCM BGC AER CHEM,none,none,Amon,rsut,r1i1p1f1,r1i1p1f1,toa_outgoing_shortwave_flux,TOA Outgoing Shortwave Radiation,W m-2,1,,1850-01-16 12:00:00,2014-12-16 12:00:00,1850-01-16 12:00:00-2014-12-16 12:00:00,/uda/cmip6/CMIP/IPSL/IPSL-CM5A2-INCA/historical/r1i1p1f1/Amon/rsut/gr/v20200729/rsut_Amon_IPSL-CM5A2-INCA_historical_r1i1p1f1_gr_185001-201412.nc,v20200729
CMIP,standard,0.0,7305.0,all-forcing simulation of the recent past,historical,mon,LMDZ grid,gr,IPSL,500 km,CMIP,piControl,IPSL-CM5A2-INCA,days since 1850-01-01 00:00:00,r1i1p1f1,model-output,atmos,IPSL-CM5A2-INCA,AOGCM BGC AER CHEM,none,none,Amon,rtmt,r1i1p1f1,r1i1p1f1,net_downward_radiative_flux_at_top_of_atmosphere_model,Net Downward Flux at Top of Model,W m-2,1,,1850-01-16 12:00:00,2014-12-16 12:00:00,1850-01-16 12:00:00-2014-12-16 12:00:00,/uda/cmip6/CMIP/IPSL/IPSL-CM5A2-INCA/historical/r1i1p1f1/Amon/rtmt/gr/v20200729/rtmt_Amon_IPSL-CM5A2-INCA_historical_r1i1p1f1_gr_185001-201412.nc,v20200729
CMIP,standard,0.0,7305.0,all-forcing simulation of the recent past,historical,mon,LMDZ grid,gr,IPSL,500 km,CMIP,piControl,IPSL-CM5A2-INCA,days since 1850-01-01 00:00:00,r1i1p1f1,model-output,atmos,IPSL-CM5A2-INCA,AOGCM BGC AER CHEM,none,none,Amon,sfcWind,r1i1p1f1,r1i1p1f1,wind_speed,Near-Surface Wind Speed,m s-1,1,,1850-01-16 12:00:00,2014-12-16 12:00:00,1850-01-16 12:00:00-2014-12-16 12:00:00,/uda/cmip6/CMIP/IPSL/IPSL-CM5A2-INCA/historical/r1i1p1f1/Amon/sfcWind/gr/v20200729/sfcWind_Amon_IPSL-CM5A2-INCA_historical_r1i1p1f1_gr_185001-201412.nc,v20200729
CMIP,standard,0.0,7305.0,all-forcing simulation of the recent past,historical,mon,LMDZ grid,gr,IPSL,500 km,CMIP,piControl,IPSL-CM5A2-INCA,days since 1850-01-01 00:00:00,r1i1p1f1,model-output,atmos,IPSL-CM5A2-INCA,AOGCM BGC AER CHEM,none,none,Amon,tas,r1i1p1f1,r1i1p1f1,air_temperature,Near-Surface Air Temperature,K,1,,1850-01-16 12:00:00,2014-12-16 12:00:00,1850-01-16 12:00:00-2014-12-16 12:00:00,/uda/cmip6/CMIP/IPSL/IPSL-CM5A2-INCA/historical/r1i1p1f1/Amon/tas/gr/v20200729/tas_Amon_IPSL-CM5A2-INCA_historical_r1i1p1f1_gr_185001-201412.nc,v20200729
CMIP,standard,0.0,7305.0,all-forcing simulation of the recent past,historical,day,LMDZ grid,gr,IPSL,500 km,CMIP,piControl,IPSL-CM5A2-INCA,days since 1850-01-01 00:00:00,r1i1p1f1,model-output,atmos,IPSL-CM5A2-INCA,AOGCM BGC AER CHEM,none,none,CFday,ps,r1i1p1f1,r1i1p1f1,surface_air_pressure,Surface Air Pressure,Pa,1,,1850-01-01 12:00:00,2014-12-31 12:00:00,1850-01-01 12:00:00-2014-12-31 12:00:00,/uda/cmip6/CMIP/IPSL/IPSL-CM5A2-INCA/historical/r1i1p1f1/CFday/ps/gr/v20200729/ps_CFday_IPSL-CM5A2-INCA_historical_r1i1p1f1_gr_18500101-20141231.nc,v20200729
CMIP,standard,0.0,7305.0,all-forcing simulation of the recent past,historical,day,LMDZ grid,gr,IPSL,500 km,CMIP,piControl,IPSL-CM5A2-INCA,days since 1850-01-01 00:00:00,r1i1p1f1,model-output,atmos,IPSL-CM5A2-INCA,AOGCM BGC AER CHEM,none,none,CFday,rsdt,r1i1p1f1,r1i1p1f1,toa_incoming_shortwave_flux,TOA Incident Shortwave Radiation,W m-2,1,,1850-01-01 12:00:00,2014-12-31 12:00:00,1850-01-01 12:00:00-2014-12-31 12:00:00,/uda/cmip6/CMIP/IPSL/IPSL-CM5A2-INCA/historical/r1i1p1f1/CFday/rsdt/gr/v20200729/rsdt_CFday_IPSL-CM5A2-INCA_historical_r1i1p1f1_gr_18500101-20141231.nc,v20200729
CMIP,standard,0.0,7305.0,all-forcing simulation of the recent past,historical,day,LMDZ grid,gr,IPSL,500 km,CMIP,piControl,IPSL-CM5A2-INCA,days since 1850-01-01 00:00:00,r1i1p1f1,model-output,atmos,IPSL-CM5A2-INCA,AOGCM BGC AER CHEM,none,none,CFday,rsut,r1i1p1f1,r1i1p1f1,toa_outgoing_shortwave_flux,TOA Outgoing Shortwave Radiation,W m-2,1,,1850-01-01 12:00:00,2014-12-31 12:00:00,1850-01-01 12:00:00-2014-12-31 12:00:00,/uda/cmip6/CMIP/IPSL/IPSL-CM5A2-INCA/historical/r1i1p1f1/CFday/rsut/gr/v20200729/rsut_CFday_IPSL-CM5A2-INCA_historical_r1i1p1f1_gr_18500101-20141231.nc,v20200729
CMIP,standard,0.0,7305.0,all-forcing simulation of the recent past,historical,mon,LMDZ grid,gr,IPSL,500 km,CMIP,piControl,IPSL-CM5A2-INCA,days since 1850-01-01 00:00:00,r1i1p1f1,model-output,atmos,IPSL-CM5A2-INCA,AOGCM BGC AER CHEM,none,none,CFmon,ta,r1i1p1f1,r1i1p1f1,air_temperature,Air Temperature,K,1,,1850-01-16 12:00:00,2014-12-16 12:00:00,1850-01-16 12:00:00-2014-12-16 12:00:00,/uda/cmip6/CMIP/IPSL/IPSL-CM5A2-INCA/historical/r1i1p1f1/CFmon/ta/gr/v20200729/ta_CFmon_IPSL-CM5A2-INCA_historical_r1i1p1f1_gr_185001-201412.nc,v20200729
CMIP,standard,0.0,7305.0,all-forcing simulation of the recent past,historical,subhrPt,data sampled in model native grid by nearest neighbour method,gn,IPSL,100 km,CMIP,piControl,IPSL-CM5A2-INCA,days since 1850-01-01 00:00:00,r1i1p1f1,model-output,atmos,IPSL-CM5A2-INCA,AOGCM BGC AER CHEM,none,none,CFsubhr,rlut,r1i1p1f1,r1i1p1f1,toa_outgoing_longwave_flux,TOA Outgoing Longwave Radiation,W m-2,1,,1850-01-01 01:00:00,1860-01-01 00:00:00,1850-01-01 01:00:00-1860-01-01 00:00:00,/uda/cmip6/CMIP/IPSL/IPSL-CM5A2-INCA/historical/r1i1p1f1/CFsubhr/rlut/gn/v20200729/rlut_CFsubhr_IPSL-CM5A2-INCA_historical_r1i1p1f1_gn_18500101010000-18600101000000.nc,v20200729
CMIP,standard,0.0,7305.0,all-forcing simulation of the recent past,historical,subhrPt,data sampled in model native grid by nearest neighbour method,gn,IPSL,100 km,CMIP,piControl,IPSL-CM5A2-INCA,days since 1850-01-01 00:00:00,r1i1p1f1,model-output,atmos,IPSL-CM5A2-INCA,AOGCM BGC AER CHEM,none,none,CFsubhr,rlut,r1i1p1f1,r1i1p1f1,toa_outgoing_longwave_flux,TOA Outgoing Longwave Radiation,W m-2,1,,1860-01-01 01:00:00,1870-01-01 00:00:00,1860-01-01 01:00:00-1870-01-01 00:00:00,/uda/cmip6/CMIP/IPSL/IPSL-CM5A2-INCA/historical/r1i1p1f1/CFsubhr/rlut/gn/v20200729/rlut_CFsubhr_IPSL-CM5A2-INCA_historical_r1i1p1f1_gn_18600101010000-18700101000000.nc,v20200729
CMIP,standard,0.0,7305.0,all-forcing simulation of the recent past,historical,subhrPt,data sampled in model native grid by nearest neighbour method,gn,IPSL,100 km,CMIP,piControl,IPSL-CM5A2-INCA,days since 1850-01-01 00:00:00,r1i1p1f1,model-output,atmos,IPSL-CM5A2-INCA,AOGCM BGC AER CHEM,none,none,CFsubhr,rlut,r1i1p1f1,r1i1p1f1,toa_outgoing_longwave_flux,TOA Outgoing Longwave Radiation,W m-2,1,,1870-01-01 01:00:00,1880-01-01 00:00:00,1870-01-01 01:00:00-1880-01-01 00:00:00,/uda/cmip6/CMIP/IPSL/IPSL-CM5A2-INCA/historical/r1i1p1f1/CFsubhr/rlut/gn/v20200729/rlut_CFsubhr_IPSL-CM5A2-INCA_historical_r1i1p1f1_gn_18700101010000-18800101000000.nc,v20200729
CMIP,standard,0.0,7305.0,all-forcing simulation of the recent past,historical,subhrPt,data sampled in model native grid by nearest neighbour method,gn,IPSL,100 km,CMIP,piControl,IPSL-CM5A2-INCA,days since 1850-01-01 00:00:00,r1i1p1f1,model-output,atmos,IPSL-CM5A2-INCA,AOGCM BGC AER CHEM,none,none,CFsubhr,rlut,r1i1p1f1,r1i1p1f1,toa_outgoing_longwave_flux,TOA Outgoing Longwave Radiation,W m-2,1,,1880-01-01 01:00:00,1890-01-01 00:00:00,1880-01-01 01:00:00-1890-01-01 00:00:00,/uda/cmip6/CMIP/IPSL/IPSL-CM5A2-INCA/historical/r1i1p1f1/CFsubhr/rlut/gn/v20200729/rlut_CFsubhr_IPSL-CM5A2-INCA_historical_r1i1p1f1_gn_18800101010000-18900101000000.nc,v20200729
CMIP,standard,0.0,7305.0,all-forcing simulation of the recent past,historical,subhrPt,data sampled in model native grid by nearest neighbour method,gn,IPSL,100 km,CMIP,piControl,IPSL-CM5A2-INCA,days since 1850-01-01 00:00:00,r1i1p1f1,model-output,atmos,IPSL-CM5A2-INCA,AOGCM BGC AER CHEM,none,none,CFsubhr,rlut,r1i1p1f1,r1i1p1f1,toa_outgoing_longwave_flux,TOA Outgoing Longwave Radiation,W m-2,1,,1890-01-01 01:00:00,1900-01-01 00:00:00,1890-01-01 01:00:00-1900-01-01 00:00:00,/uda/cmip6/CMIP/IPSL/IPSL-CM5A2-INCA/historical/r1i1p1f1/CFsubhr/rlut/gn/v20200729/rlut_CFsubhr_IPSL-CM5A2-INCA_historical_r1i1p1f1_gn_18900101010000-19000101000000.nc,v20200729
CMIP,standard,0.0,7305.0,all-forcing simulation of the recent past,historical,subhrPt,data sampled in model native grid by nearest neighbour method,gn,IPSL,100 km,CMIP,piControl,IPSL-CM5A2-INCA,days since 1850-01-01 00:00:00,r1i1p1f1,model-output,atmos,IPSL-CM5A2-INCA,AOGCM BGC AER CHEM,none,none,CFsubhr,rlut,r1i1p1f1,r1i1p1f1,toa_outgoing_longwave_flux,TOA Outgoing Longwave Radiation,W m-2,1,,1900-01-01 01:00:00,1910-01-01 00:00:00,1900-01-01 01:00:00-1910-01-01 00:00:00,/uda/cmip6/CMIP/IPSL/IPSL-CM5A2-INCA/historical/r1i1p1f1/CFsubhr/rlut/gn/v20200729/rlut_CFsubhr_IPSL-CM5A2-INCA_historical_r1i1p1f1_gn_19000101010000-19100101000000.nc,v20200729
CMIP,standard,0.0,7305.0,all-forcing simulation of the recent past,historical,subhrPt,data sampled in model native grid by nearest neighbour method,gn,IPSL,100 km,CMIP,piControl,IPSL-CM5A2-INCA,days since 1850-01-01 00:00:00,r1i1p1f1,model-output,atmos,IPSL-CM5A2-INCA,AOGCM BGC AER CHEM,none,none,CFsubhr,rlut,r1i1p1f1,r1i1p1f1,toa_outgoing_longwave_flux,TOA Outgoing Longwave Radiation,W m-2,1,,1910-01-01 01:00:00,1920-01-01 00:00:00,1910-01-01 01:00:00-1920-01-01 00:00:00,/uda/cmip6/CMIP/IPSL/IPSL-CM5A2-INCA/historical/r1i1p1f1/CFsubhr/rlut/gn/v20200729/rlut_CFsubhr_IPSL-CM5A2-INCA_historical_r1i1p1f1_gn_19100101010000-19200101000000.nc,v20200729
CMIP,standard,0.0,7305.0,all-forcing simulation of the recent past,historical,subhrPt,data sampled in model native grid by nearest neighbour method,gn,IPSL,100 km,CMIP,piControl,IPSL-CM5A2-INCA,days since 1850-01-01 00:00:00,r1i1p1f1,model-output,atmos,IPSL-CM5A2-INCA,AOGCM BGC AER CHEM,none,none,CFsubhr,rlut,r1i1p1f1,r1i1p1f1,toa_outgoing_longwave_flux,TOA Outgoing Longwave Radiation,W m-2,1,,1920-01-01 01:00:00,1930-01-01 00:00:00,1920-01-01 01:00:00-1930-01-01 00:00:00,/uda/cmip6/CMIP/IPSL/IPSL-CM5A2-INCA/historical/r1i1p1f1/CFsubhr/rlut/gn/v20200729/rlut_CFsubhr_IPSL-CM5A2-INCA_historical_r1i1p1f1_gn_19200101010000-19300101000000.nc,v20200729
CMIP,standard,0.0,7305.0,all-forcing simulation of the recent past,historical,subhrPt,data sampled in model native grid by nearest neighbour method,gn,IPSL,100 km,CMIP,piControl,IPSL-CM5A2-INCA,days since 1850-01-01 00:00:00,r1i1p1f1,model-output,atmos,IPSL-CM5A2-INCA,AOGCM BGC AER CHEM,none,none,CFsubhr,rlut,r1i1p1f1,r1i1p1f1,toa_outgoing_longwave_flux,TOA Outgoing Longwave Radiation,W m-2,1,,1930-01-01 01:00:00,1940-01-01 00:00:00,1930-01-01 01:00:00-1940-01-01 00:00:00,/uda/cmip6/CMIP/IPSL/IPSL-CM5A2-INCA/historical/r1i1p1f1/CFsubhr/rlut/gn/v20200729/rlut_CFsubhr_IPSL-CM5A2-INCA_historical_r1i1p1f1_gn_19300101010000-19400101000000.nc,v20200729
CMIP,standard,0.0,7305.0,all-forcing simulation of the recent past,historical,subhrPt,data sampled in model native grid by nearest neighbour method,gn,IPSL,100 km,CMIP,piControl,IPSL-CM5A2-INCA,days since 1850-01-01 00:00:00,r1i1p1f1,model-output,atmos,IPSL-CM5A2-INCA,AOGCM BGC AER CHEM,none,none,CFsubhr,rlut,r1i1p1f1,r1i1p1f1,toa_outgoing_longwave_flux,TOA Outgoing Longwave Radiation,W m-2,1,,1940-01-01 01:00:00,1950-01-01 00:00:00,1940-01-01 01:00:00-1950-01-01 00:00:00,/uda/cmip6/CMIP/IPSL/IPSL-CM5A2-INCA/historical/r1i1p1f1/CFsubhr/rlut/gn/v20200729/rlut_CFsubhr_IPSL-CM5A2-INCA_historical_r1i1p1f1_gn_19400101010000-19500101000000.nc,v20200729
CMIP,standard,0.0,7305.0,all-forcing simulation of the recent past,historical,subhrPt,data sampled in model native grid by nearest neighbour method,gn,IPSL,100 km,CMIP,piControl,IPSL-CM5A2-INCA,days since 1850-01-01 00:00:00,r1i1p1f1,model-output,atmos,IPSL-CM5A2-INCA,AOGCM BGC AER CHEM,none,none,CFsubhr,rlut,r1i1p1f1,r1i1p1f1,toa_outgoing_longwave_flux,TOA Outgoing Longwave Radiation,W m-2,1,,1950-01-01 01:00:00,1960-01-01 00:00:00,1950-01-01 01:00:00-1960-01-01 00:00:00,/uda/cmip6/CMIP/IPSL/IPSL-CM5A2-INCA/historical/r1i1p1f1/CFsubhr/rlut/gn/v20200729/rlut_CFsubhr_IPSL-CM5A2-INCA_historical_r1i1p1f1_gn_19500101010000-19600101000000.nc,v20200729
CMIP,standard,0.0,7305.0,all-forcing simulation of the recent past,historical,subhrPt,data sampled in model native grid by nearest neighbour method,gn,IPSL,100 km,CMIP,piControl,IPSL-CM5A2-INCA,days since 1850-01-01 00:00:00,r1i1p1f1,model-output,atmos,IPSL-CM5A2-INCA,AOGCM BGC AER CHEM,none,none,CFsubhr,rlut,r1i1p1f1,r1i1p1f1,toa_outgoing_longwave_flux,TOA Outgoing Longwave Radiation,W m-2,1,,1960-01-01 01:00:00,1970-01-01 00:00:00,1960-01-01 01:00:00-1970-01-01 00:00:00,/uda/cmip6/CMIP/IPSL/IPSL-CM5A2-INCA/historical/r1i1p1f1/CFsubhr/rlut/gn/v20200729/rlut_CFsubhr_IPSL-CM5A2-INCA_historical_r1i1p1f1_gn_19600101010000-19700101000000.nc,v20200729
CMIP,standard,0.0,7305.0,all-forcing simulation of the recent past,historical,subhrPt,data sampled in model native grid by nearest neighbour method,gn,IPSL,100 km,CMIP,piControl,IPSL-CM5A2-INCA,days since 1850-01-01 00:00:00,r1i1p1f1,model-output,atmos,IPSL-CM5A2-INCA,AOGCM BGC AER CHEM,none,none,CFsubhr,rlut,r1i1p1f1,r1i1p1f1,toa_outgoing_longwave_flux,TOA Outgoing Longwave Radiation,W m-2,1,,1970-01-01 01:00:00,1980-01-01 00:00:00,1970-01-01 01:00:00-1980-01-01 00:00:00,/uda/cmip6/CMIP/IPSL/IPSL-CM5A2-INCA/historical/r1i1p1f1/CFsubhr/rlut/gn/v20200729/rlut_CFsubhr_IPSL-CM5A2-INCA_historical_r1i1p1f1_gn_19700101010000-19800101000000.nc,v20200729
CMIP,standard,0.0,7305.0,all-forcing simulation of the recent past,historical,subhrPt,data sampled in model native grid by nearest neighbour method,gn,IPSL,100 km,CMIP,piControl,IPSL-CM5A2-INCA,days since 1850-01-01 00:00:00,r1i1p1f1,model-output,atmos,IPSL-CM5A2-INCA,AOGCM BGC AER CHEM,none,none,CFsubhr,rlut,r1i1p1f1,r1i1p1f1,toa_outgoing_longwave_flux,TOA Outgoing Longwave Radiation,W m-2,1,,1980-01-01 01:00:00,1990-01-01 00:00:00,1980-01-01 01:00:00-1990-01-01 00:00:00,/uda/cmip6/CMIP/IPSL/IPSL-CM5A2-INCA/historical/r1i1p1f1/CFsubhr/rlut/gn/v20200729/rlut_CFsubhr_IPSL-CM5A2-INCA_historical_r1i1p1f1_gn_19800101010000-19900101000000.nc,v20200729
CMIP,standard,0.0,7305.0,all-forcing simulation of the recent past,historical,subhrPt,data sampled in model native grid by nearest neighbour method,gn,IPSL,100 km,CMIP,piControl,IPSL-CM5A2-INCA,days since 1850-01-01 00:00:00,r1i1p1f1,model-output,atmos,IPSL-CM5A2-INCA,AOGCM BGC AER CHEM,none,none,CFsubhr,rlut,r1i1p1f1,r1i1p1f1,toa_outgoing_longwave_flux,TOA Outgoing Longwave Radiation,W m-2,1,,1990-01-01 01:00:00,2000-01-01 00:00:00,1990-01-01 01:00:00-2000-01-01 00:00:00,/uda/cmip6/CMIP/IPSL/IPSL-CM5A2-INCA/historical/r1i1p1f1/CFsubhr/rlut/gn/v20200729/rlut_CFsubhr_IPSL-CM5A2-INCA_historical_r1i1p1f1_gn_19900101010000-20000101000000.nc,v20200729
CMIP,standard,0.0,7305.0,all-forcing simulation of the recent past,historical,subhrPt,data sampled in model native grid by nearest neighbour method,gn,IPSL,100 km,CMIP,piControl,IPSL-CM5A2-INCA,days since 1850-01-01 00:00:00,r1i1p1f1,model-output,atmos,IPSL-CM5A2-INCA,AOGCM BGC AER CHEM,none,none,CFsubhr,rlut,r1i1p1f1,r1i1p1f1,toa_outgoing_longwave_flux,TOA Outgoing Longwave Radiation,W m-2,1,,2000-01-01 01:00:00,2010-01-01 00:00:00,2000-01-01 01:00:00-2010-01-01 00:00:00,/uda/cmip6/CMIP/IPSL/IPSL-CM5A2-INCA/historical/r1i1p1f1/CFsubhr/rlut/gn/v20200729/rlut_CFsubhr_IPSL-CM5A2-INCA_historical_r1i1p1f1_gn_20000101010000-20100101000000.nc,v20200729
CMIP,standard,0.0,7305.0,all-forcing simulation of the recent past,historical,subhrPt,data sampled in model native grid by nearest neighbour method,gn,IPSL,100 km,CMIP,piControl,IPSL-CM5A2-INCA,days since 1850-01-01 00:00:00,r1i1p1f1,model-output,atmos,IPSL-CM5A2-INCA,AOGCM BGC AER CHEM,none,none,CFsubhr,rlut,r1i1p1f1,r1i1p1f1,toa_outgoing_longwave_flux,TOA Outgoing Longwave Radiation,W m-2,1,,2010-01-01 01:00:00,2015-01-01 00:00:00,2010-01-01 01:00:00-2015-01-01 00:00:00,/uda/cmip6/CMIP/IPSL/IPSL-CM5A2-INCA/historical/r1i1p1f1/CFsubhr/rlut/gn/v20200729/rlut_CFsubhr_IPSL-CM5A2-INCA_historical_r1i1p1f1_gn_20100101010000-20150101000000.nc,v20200729
CMIP,standard,0.0,7305.0,all-forcing simulation of the recent past,historical,subhrPt,data sampled in model native grid by nearest neighbour method,gn,IPSL,100 km,CMIP,piControl,IPSL-CM5A2-INCA,days since 1850-01-01 00:00:00,r1i1p1f1,model-output,atmos,IPSL-CM5A2-INCA,AOGCM BGC AER CHEM,none,none,CFsubhr,rsdt,r1i1p1f1,r1i1p1f1,toa_incoming_shortwave_flux,TOA Incident Shortwave Radiation,W m-2,1,,1850-01-01 01:00:00,1860-01-01 00:00:00,1850-01-01 01:00:00-1860-01-01 00:00:00,/uda/cmip6/CMIP/IPSL/IPSL-CM5A2-INCA/historical/r1i1p1f1/CFsubhr/rsdt/gn/v20200729/rsdt_CFsubhr_IPSL-CM5A2-INCA_historical_r1i1p1f1_gn_18500101010000-18600101000000.nc,v20200729
CMIP,standard,0.0,7305.0,all-forcing simulation of the recent past,historical,subhrPt,data sampled in model native grid by nearest neighbour method,gn,IPSL,100 km,CMIP,piControl,IPSL-CM5A2-INCA,days since 1850-01-01 00:00:00,r1i1p1f1,model-output,atmos,IPSL-CM5A2-INCA,AOGCM BGC AER CHEM,none,none,CFsubhr,rsdt,r1i1p1f1,r1i1p1f1,toa_incoming_shortwave_flux,TOA Incident Shortwave Radiation,W m-2,1,,1860-01-01 01:00:00,1870-01-01 00:00:00,1860-01-01 01:00:00-1870-01-01 00:00:00,/uda/cmip6/CMIP/IPSL/IPSL-CM5A2-INCA/historical/r1i1p1f1/CFsubhr/rsdt/gn/v20200729/rsdt_CFsubhr_IPSL-CM5A2-INCA_historical_r1i1p1f1_gn_18600101010000-18700101000000.nc,v20200729
CMIP,standard,0.0,7305.0,all-forcing simulation of the recent past,historical,subhrPt,data sampled in model native grid by nearest neighbour method,gn,IPSL,100 km,CMIP,piControl,IPSL-CM5A2-INCA,days since 1850-01-01 00:00:00,r1i1p1f1,model-output,atmos,IPSL-CM5A2-INCA,AOGCM BGC AER CHEM,none,none,CFsubhr,rsdt,r1i1p1f1,r1i1p1f1,toa_incoming_shortwave_flux,TOA Incident Shortwave Radiation,W m-2,1,,1870-01-01 01:00:00,1880-01-01 00:00:00,1870-01-01 01:00:00-1880-01-01 00:00:00,/uda/cmip6/CMIP/IPSL/IPSL-CM5A2-INCA/historical/r1i1p1f1/CFsubhr/rsdt/gn/v20200729/rsdt_CFsubhr_IPSL-CM5A2-INCA_historical_r1i1p1f1_gn_18700101010000-18800101000000.nc,v20200729
CMIP,standard,0.0,7305.0,all-forcing simulation of the recent past,historical,subhrPt,data sampled in model native grid by nearest neighbour method,gn,IPSL,100 km,CMIP,piControl,IPSL-CM5A2-INCA,days since 1850-01-01 00:00:00,r1i1p1f1,model-output,atmos,IPSL-CM5A2-INCA,AOGCM BGC AER CHEM,none,none,CFsubhr,rsdt,r1i1p1f1,r1i1p1f1,toa_incoming_shortwave_flux,TOA Incident Shortwave Radiation,W m-2,1,,1880-01-01 01:00:00,1890-01-01 00:00:00,1880-01-01 01:00:00-1890-01-01 00:00:00,/uda/cmip6/CMIP/IPSL/IPSL-CM5A2-INCA/historical/r1i1p1f1/CFsubhr/rsdt/gn/v20200729/rsdt_CFsubhr_IPSL-CM5A2-INCA_historical_r1i1p1f1_gn_18800101010000-18900101000000.nc,v20200729
CMIP,standard,0.0,7305.0,all-forcing simulation of the recent past,historical,subhrPt,data sampled in model native grid by nearest neighbour method,gn,IPSL,100 km,CMIP,piControl,IPSL-CM5A2-INCA,days since 1850-01-01 00:00:00,r1i1p1f1,model-output,atmos,IPSL-CM5A2-INCA,AOGCM BGC AER CHEM,none,none,CFsubhr,rsdt,r1i1p1f1,r1i1p1f1,toa_incoming_shortwave_flux,TOA Incident Shortwave Radiation,W m-2,1,,1890-01-01 01:00:00,1900-01-01 00:00:00,1890-01-01 01:00:00-1900-01-01 00:00:00,/uda/cmip6/CMIP/IPSL/IPSL-CM5A2-INCA/historical/r1i1p1f1/CFsubhr/rsdt/gn/v20200729/rsdt_CFsubhr_IPSL-CM5A2-INCA_historical_r1i1p1f1_gn_18900101010000-19000101000000.nc,v20200729
CMIP,standard,0.0,7305.0,all-forcing simulation of the recent past,historical,subhrPt,data sampled in model native grid by nearest neighbour method,gn,IPSL,100 km,CMIP,piControl,IPSL-CM5A2-INCA,days since 1850-01-01 00:00:00,r1i1p1f1,model-output,atmos,IPSL-CM5A2-INCA,AOGCM BGC AER CHEM,none,none,CFsubhr,rsdt,r1i1p1f1,r1i1p1f1,toa_incoming_shortwave_flux,TOA Incident Shortwave Radiation,W m-2,1,,1900-01-01 01:00:00,1910-01-01 00:00:00,1900-01-01 01:00:00-1910-01-01 00:00:00,/uda/cmip6/CMIP/IPSL/IPSL-CM5A2-INCA/historical/r1i1p1f1/CFsubhr/rsdt/gn/v20200729/rsdt_CFsubhr_IPSL-CM5A2-INCA_historical_r1i1p1f1_gn_19000101010000-19100101000000.nc,v20200729
CMIP,standard,0.0,7305.0,all-forcing simulation of the recent past,historical,subhrPt,data sampled in model native grid by nearest neighbour method,gn,IPSL,100 km,CMIP,piControl,IPSL-CM5A2-INCA,days since 1850-01-01 00:00:00,r1i1p1f1,model-output,atmos,IPSL-CM5A2-INCA,AOGCM BGC AER CHEM,none,none,CFsubhr,rsdt,r1i1p1f1,r1i1p1f1,toa_incoming_shortwave_flux,TOA Incident Shortwave Radiation,W m-2,1,,1910-01-01 01:00:00,1920-01-01 00:00:00,1910-01-01 01:00:00-1920-01-01 00:00:00,/uda/cmip6/CMIP/IPSL/IPSL-CM5A2-INCA/historical/r1i1p1f1/CFsubhr/rsdt/gn/v20200729/rsdt_CFsubhr_IPSL-CM5A2-INCA_historical_r1i1p1f1_gn_19100101010000-19200101000000.nc,v20200729
CMIP,standard,0.0,7305.0,all-forcing simulation of the recent past,historical,subhrPt,data sampled in model native grid by nearest neighbour method,gn,IPSL,100 km,CMIP,piControl,IPSL-CM5A2-INCA,days since 1850-01-01 00:00:00,r1i1p1f1,model-output,atmos,IPSL-CM5A2-INCA,AOGCM BGC AER CHEM,none,none,CFsubhr,rsdt,r1i1p1f1,r1i1p1f1,toa_incoming_shortwave_flux,TOA Incident Shortwave Radiation,W m-2,1,,1920-01-01 01:00:00,1930-01-01 00:00:00,1920-01-01 01:00:00-1930-01-01 00:00:00,/uda/cmip6/CMIP/IPSL/IPSL-CM5A2-INCA/historical/r1i1p1f1/CFsubhr/rsdt/gn/v20200729/rsdt_CFsubhr_IPSL-CM5A2-INCA_historical_r1i1p1f1_gn_19200101010000-19300101000000.nc,v20200729
CMIP,standard,0.0,7305.0,all-forcing simulation of the recent past,historical,subhrPt,data sampled in model native grid by nearest neighbour method,gn,IPSL,100 km,CMIP,piControl,IPSL-CM5A2-INCA,days since 1850-01-01 00:00:00,r1i1p1f1,model-output,atmos,IPSL-CM5A2-INCA,AOGCM BGC AER CHEM,none,none,CFsubhr,rsdt,r1i1p1f1,r1i1p1f1,toa_incoming_shortwave_flux,TOA Incident Shortwave Radiation,W m-2,1,,1930-01-01 01:00:00,1940-01-01 00:00:00,1930-01-01 01:00:00-1940-01-01 00:00:00,/uda/cmip6/CMIP/IPSL/IPSL-CM5A2-INCA/historical/r1i1p1f1/CFsubhr/rsdt/gn/v20200729/rsdt_CFsubhr_IPSL-CM5A2-INCA_historical_r1i1p1f1_gn_19300101010000-19400101000000.nc,v20200729
CMIP,standard,0.0,7305.0,all-forcing simulation of the recent past,historical,subhrPt,data sampled in model native grid by nearest neighbour method,gn,IPSL,100 km,CMIP,piControl,IPSL-CM5A2-INCA,days since 1850-01-01 00:00:00,r1i1p1f1,model-output,atmos,IPSL-CM5A2-INCA,AOGCM BGC AER CHEM,none,none,CFsubhr,rsdt,r1i1p1f1,r1i1p1f1,toa_incoming_shortwave_flux,TOA Incident Shortwave Radiation,W m-2,1,,1940-01-01 01:00:00,1950-01-01 00:00:00,1940-01-01 01:00:00-1950-01-01 00:00:00,/uda/cmip6/CMIP/IPSL/IPSL-CM5A2-INCA/historical/r1i1p1f1/CFsubhr/rsdt/gn/v20200729/rsdt_CFsubhr_IPSL-CM5A2-INCA_historical_r1i1p1f1_gn_19400101010000-19500101000000.nc,v20200729
CMIP,standard,0.0,7305.0,all-forcing simulation of the recent past,historical,subhrPt,data sampled in model native grid by nearest neighbour method,gn,IPSL,100 km,CMIP,piControl,IPSL-CM5A2-INCA,days since 1850-01-01 00:00:00,r1i1p1f1,model-output,atmos,IPSL-CM5A2-INCA,AOGCM BGC AER CHEM,none,none,CFsubhr,rsdt,r1i1p1f1,r1i1p1f1,toa_incoming_shortwave_flux,TOA Incident Shortwave Radiation,W m-2,1,,1950-01-01 01:00:00,1960-01-01 00:00:00,1950-01-01 01:00:00-1960-01-01 00:00:00,/uda/cmip6/CMIP/IPSL/IPSL-CM5A2-INCA/historical/r1i1p1f1/CFsubhr/rsdt/gn/v20200729/rsdt_CFsubhr_IPSL-CM5A2-INCA_historical_r1i1p1f1_gn_19500101010000-19600101000000.nc,v20200729
CMIP,standard,0.0,7305.0,all-forcing simulation of the recent past,historical,subhrPt,data sampled in model native grid by nearest neighbour method,gn,IPSL,100 km,CMIP,piControl,IPSL-CM5A2-INCA,days since 1850-01-01 00:00:00,r1i1p1f1,model-output,atmos,IPSL-CM5A2-INCA,AOGCM BGC AER CHEM,none,none,CFsubhr,rsdt,r1i1p1f1,r1i1p1f1,toa_incoming_shortwave_flux,TOA Incident Shortwave Radiation,W m-2,1,,1960-01-01 01:00:00,1970-01-01 00:00:00,1960-01-01 01:00:00-1970-01-01 00:00:00,/uda/cmip6/CMIP/IPSL/IPSL-CM5A2-INCA/historical/r1i1p1f1/CFsubhr/rsdt/gn/v20200729/rsdt_CFsubhr_IPSL-CM5A2-INCA_historical_r1i1p1f1_gn_19600101010000-19700101000000.nc,v20200729
CMIP,standard,0.0,7305.0,all-forcing simulation of the recent past,historical,subhrPt,data sampled in model native grid by nearest neighbour method,gn,IPSL,100 km,CMIP,piControl,IPSL-CM5A2-INCA,days since 1850-01-01 00:00:00,r1i1p1f1,model-output,atmos,IPSL-CM5A2-INCA,AOGCM BGC AER CHEM,none,none,CFsubhr,rsdt,r1i1p1f1,r1i1p1f1,toa_incoming_shortwave_flux,TOA Incident Shortwave Radiation,W m-2,1,,1970-01-01 01:00:00,1980-01-01 00:00:00,1970-01-01 01:00:00-1980-01-01 00:00:00,/uda/cmip6/CMIP/IPSL/IPSL-CM5A2-INCA/historical/r1i1p1f1/CFsubhr/rsdt/gn/v20200729/rsdt_CFsubhr_IPSL-CM5A2-INCA_historical_r1i1p1f1_gn_19700101010000-19800101000000.nc,v20200729
CMIP,standard,0.0,7305.0,all-forcing simulation of the recent past,historical,subhrPt,data sampled in model native grid by nearest neighbour method,gn,IPSL,100 km,CMIP,piControl,IPSL-CM5A2-INCA,days since 1850-01-01 00:00:00,r1i1p1f1,model-output,atmos,IPSL-CM5A2-INCA,AOGCM BGC AER CHEM,none,none,CFsubhr,rsdt,r1i1p1f1,r1i1p1f1,toa_incoming_shortwave_flux,TOA Incident Shortwave Radiation,W m-2,1,,1980-01-01 01:00:00,1990-01-01 00:00:00,1980-01-01 01:00:00-1990-01-01 00:00:00,/uda/cmip6/CMIP/IPSL/IPSL-CM5A2-INCA/historical/r1i1p1f1/CFsubhr/rsdt/gn/v20200729/rsdt_CFsubhr_IPSL-CM5A2-INCA_historical_r1i1p1f1_gn_19800101010000-19900101000000.nc,v20200729
CMIP,standard,0.0,7305.0,all-forcing simulation of the recent past,historical,subhrPt,data sampled in model native grid by nearest neighbour method,gn,IPSL,100 km,CMIP,piControl,IPSL-CM5A2-INCA,days since 1850-01-01 00:00:00,r1i1p1f1,model-output,atmos,IPSL-CM5A2-INCA,AOGCM BGC AER CHEM,none,none,CFsubhr,rsdt,r1i1p1f1,r1i1p1f1,toa_incoming_shortwave_flux,TOA Incident Shortwave Radiation,W m-2,1,,1990-01-01 01:00:00,2000-01-01 00:00:00,1990-01-01 01:00:00-2000-01-01 00:00:00,/uda/cmip6/CMIP/IPSL/IPSL-CM5A2-INCA/historical/r1i1p1f1/CFsubhr/rsdt/gn/v20200729/rsdt_CFsubhr_IPSL-CM5A2-INCA_historical_r1i1p1f1_gn_19900101010000-20000101000000.nc,v20200729
CMIP,standard,0.0,7305.0,all-forcing simulation of the recent past,historical,subhrPt,data sampled in model native grid by nearest neighbour method,gn,IPSL,100 km,CMIP,piControl,IPSL-CM5A2-INCA,days since 1850-01-01 00:00:00,r1i1p1f1,model-output,atmos,IPSL-CM5A2-INCA,AOGCM BGC AER CHEM,none,none,CFsubhr,rsdt,r1i1p1f1,r1i1p1f1,toa_incoming_shortwave_flux,TOA Incident Shortwave Radiation,W m-2,1,,2000-01-01 01:00:00,2010-01-01 00:00:00,2000-01-01 01:00:00-2010-01-01 00:00:00,/uda/cmip6/CMIP/IPSL/IPSL-CM5A2-INCA/historical/r1i1p1f1/CFsubhr/rsdt/gn/v20200729/rsdt_CFsubhr_IPSL-CM5A2-INCA_historical_r1i1p1f1_gn_20000101010000-20100101000000.nc,v20200729
CMIP,standard,0.0,7305.0,all-forcing simulation of the recent past,historical,subhrPt,data sampled in model native grid by nearest neighbour method,gn,IPSL,100 km,CMIP,piControl,IPSL-CM5A2-INCA,days since 1850-01-01 00:00:00,r1i1p1f1,model-output,atmos,IPSL-CM5A2-INCA,AOGCM BGC AER CHEM,none,none,CFsubhr,rsdt,r1i1p1f1,r1i1p1f1,toa_incoming_shortwave_flux,TOA Incident Shortwave Radiation,W m-2,1,,2010-01-01 01:00:00,2015-01-01 00:00:00,2010-01-01 01:00:00-2015-01-01 00:00:00,/uda/cmip6/CMIP/IPSL/IPSL-CM5A2-INCA/historical/r1i1p1f1/CFsubhr/rsdt/gn/v20200729/rsdt_CFsubhr_IPSL-CM5A2-INCA_historical_r1i1p1f1_gn_20100101010000-20150101000000.nc,v20200729
CMIP,standard,0.0,7305.0,all-forcing simulation of the recent past,historical,subhrPt,data sampled in model native grid by nearest neighbour method,gn,IPSL,100 km,CMIP,piControl,IPSL-CM5A2-INCA,days since 1850-01-01 00:00:00,r1i1p1f1,model-output,atmos,IPSL-CM5A2-INCA,AOGCM BGC AER CHEM,none,none,CFsubhr,rsut,r1i1p1f1,r1i1p1f1,toa_outgoing_shortwave_flux,TOA Outgoing Shortwave Radiation,W m-2,1,,1850-01-01 01:00:00,1860-01-01 00:00:00,1850-01-01 01:00:00-1860-01-01 00:00:00,/uda/cmip6/CMIP/IPSL/IPSL-CM5A2-INCA/historical/r1i1p1f1/CFsubhr/rsut/gn/v20200729/rsut_CFsubhr_IPSL-CM5A2-INCA_historical_r1i1p1f1_gn_18500101010000-18600101000000.nc,v20200729
CMIP,standard,0.0,7305.0,all-forcing simulation of the recent past,historical,subhrPt,data sampled in model native grid by nearest neighbour method,gn,IPSL,100 km,CMIP,piControl,IPSL-CM5A2-INCA,days since 1850-01-01 00:00:00,r1i1p1f1,model-output,atmos,IPSL-CM5A2-INCA,AOGCM BGC AER CHEM,none,none,CFsubhr,rsut,r1i1p1f1,r1i1p1f1,toa_outgoing_shortwave_flux,TOA Outgoing Shortwave Radiation,W m-2,1,,1860-01-01 01:00:00,1870-01-01 00:00:00,1860-01-01 01:00:00-1870-01-01 00:00:00,/uda/cmip6/CMIP/IPSL/IPSL-CM5A2-INCA/historical/r1i1p1f1/CFsubhr/rsut/gn/v20200729/rsut_CFsubhr_IPSL-CM5A2-INCA_historical_r1i1p1f1_gn_18600101010000-18700101000000.nc,v20200729
CMIP,standard,0.0,7305.0,all-forcing simulation of the recent past,historical,subhrPt,data sampled in model native grid by nearest neighbour method,gn,IPSL,100 km,CMIP,piControl,IPSL-CM5A2-INCA,days since 1850-01-01 00:00:00,r1i1p1f1,model-output,atmos,IPSL-CM5A2-INCA,AOGCM BGC AER CHEM,none,none,CFsubhr,rsut,r1i1p1f1,r1i1p1f1,toa_outgoing_shortwave_flux,TOA Outgoing Shortwave Radiation,W m-2,1,,1870-01-01 01:00:00,1880-01-01 00:00:00,1870-01-01 01:00:00-1880-01-01 00:00:00,/uda/cmip6/CMIP/IPSL/IPSL-CM5A2-INCA/historical/r1i1p1f1/CFsubhr/rsut/gn/v20200729/rsut_CFsubhr_IPSL-CM5A2-INCA_historical_r1i1p1f1_gn_18700101010000-18800101000000.nc,v20200729
CMIP,standard,0.0,7305.0,all-forcing simulation of the recent past,historical,subhrPt,data sampled in model native grid by nearest neighbour method,gn,IPSL,100 km,CMIP,piControl,IPSL-CM5A2-INCA,days since 1850-01-01 00:00:00,r1i1p1f1,model-output,atmos,IPSL-CM5A2-INCA,AOGCM BGC AER CHEM,none,none,CFsubhr,rsut,r1i1p1f1,r1i1p1f1,toa_outgoing_shortwave_flux,TOA Outgoing Shortwave Radiation,W m-2,1,,1880-01-01 01:00:00,1890-01-01 00:00:00,1880-01-01 01:00:00-1890-01-01 00:00:00,/uda/cmip6/CMIP/IPSL/IPSL-CM5A2-INCA/historical/r1i1p1f1/CFsubhr/rsut/gn/v20200729/rsut_CFsubhr_IPSL-CM5A2-INCA_historical_r1i1p1f1_gn_18800101010000-18900101000000.nc,v20200729
CMIP,standard,0.0,7305.0,all-forcing simulation of the recent past,historical,subhrPt,data sampled in model native grid by nearest neighbour method,gn,IPSL,100 km,CMIP,piControl,IPSL-CM5A2-INCA,days since 1850-01-01 00:00:00,r1i1p1f1,model-output,atmos,IPSL-CM5A2-INCA,AOGCM BGC AER CHEM,none,none,CFsubhr,rsut,r1i1p1f1,r1i1p1f1,toa_outgoing_shortwave_flux,TOA Outgoing Shortwave Radiation,W m-2,1,,1890-01-01 01:00:00,1900-01-01 00:00:00,1890-01-01 01:00:00-1900-01-01 00:00:00,/uda/cmip6/CMIP/IPSL/IPSL-CM5A2-INCA/historical/r1i1p1f1/CFsubhr/rsut/gn/v20200729/rsut_CFsubhr_IPSL-CM5A2-INCA_historical_r1i1p1f1_gn_18900101010000-19000101000000.nc,v20200729
CMIP,standard,0.0,7305.0,all-forcing simulation of the recent past,historical,subhrPt,data sampled in model native grid by nearest neighbour method,gn,IPSL,100 km,CMIP,piControl,IPSL-CM5A2-INCA,days since 1850-01-01 00:00:00,r1i1p1f1,model-output,atmos,IPSL-CM5A2-INCA,AOGCM BGC AER CHEM,none,none,CFsubhr,rsut,r1i1p1f1,r1i1p1f1,toa_outgoing_shortwave_flux,TOA Outgoing Shortwave Radiation,W m-2,1,,1900-01-01 01:00:00,1910-01-01 00:00:00,1900-01-01 01:00:00-1910-01-01 00:00:00,/uda/cmip6/CMIP/IPSL/IPSL-CM5A2-INCA/historical/r1i1p1f1/CFsubhr/rsut/gn/v20200729/rsut_CFsubhr_IPSL-CM5A2-INCA_historical_r1i1p1f1_gn_19000101010000-19100101000000.nc,v20200729
CMIP,standard,0.0,7305.0,all-forcing simulation of the recent past,historical,subhrPt,data sampled in model native grid by nearest neighbour method,gn,IPSL,100 km,CMIP,piControl,IPSL-CM5A2-INCA,days since 1850-01-01 00:00:00,r1i1p1f1,model-output,atmos,IPSL-CM5A2-INCA,AOGCM BGC AER CHEM,none,none,CFsubhr,rsut,r1i1p1f1,r1i1p1f1,toa_outgoing_shortwave_flux,TOA Outgoing Shortwave Radiation,W m-2,1,,1910-01-01 01:00:00,1920-01-01 00:00:00,1910-01-01 01:00:00-1920-01-01 00:00:00,/uda/cmip6/CMIP/IPSL/IPSL-CM5A2-INCA/historical/r1i1p1f1/CFsubhr/rsut/gn/v20200729/rsut_CFsubhr_IPSL-CM5A2-INCA_historical_r1i1p1f1_gn_19100101010000-19200101000000.nc,v20200729
CMIP,standard,0.0,7305.0,all-forcing simulation of the recent past,historical,subhrPt,data sampled in model native grid by nearest neighbour method,gn,IPSL,100 km,CMIP,piControl,IPSL-CM5A2-INCA,days since 1850-01-01 00:00:00,r1i1p1f1,model-output,atmos,IPSL-CM5A2-INCA,AOGCM BGC AER CHEM,none,none,CFsubhr,rsut,r1i1p1f1,r1i1p1f1,toa_outgoing_shortwave_flux,TOA Outgoing Shortwave Radiation,W m-2,1,,1920-01-01 01:00:00,1930-01-01 00:00:00,1920-01-01 01:00:00-1930-01-01 00:00:00,/uda/cmip6/CMIP/IPSL/IPSL-CM5A2-INCA/historical/r1i1p1f1/CFsubhr/rsut/gn/v20200729/rsut_CFsubhr_IPSL-CM5A2-INCA_historical_r1i1p1f1_gn_19200101010000-19300101000000.nc,v20200729
CMIP,standard,0.0,7305.0,all-forcing simulation of the recent past,historical,subhrPt,data sampled in model native grid by nearest neighbour method,gn,IPSL,100 km,CMIP,piControl,IPSL-CM5A2-INCA,days since 1850-01-01 00:00:00,r1i1p1f1,model-output,atmos,IPSL-CM5A2-INCA,AOGCM BGC AER CHEM,none,none,CFsubhr,rsut,r1i1p1f1,r1i1p1f1,toa_outgoing_shortwave_flux,TOA Outgoing Shortwave Radiation,W m-2,1,,1930-01-01 01:00:00,1940-01-01 00:00:00,1930-01-01 01:00:00-1940-01-01 00:00:00,/uda/cmip6/CMIP/IPSL/IPSL-CM5A2-INCA/historical/r1i1p1f1/CFsubhr/rsut/gn/v20200729/rsut_CFsubhr_IPSL-CM5A2-INCA_historical_r1i1p1f1_gn_19300101010000-19400101000000.nc,v20200729
CMIP,standard,0.0,7305.0,all-forcing simulation of the recent past,historical,subhrPt,data sampled in model native grid by nearest neighbour method,gn,IPSL,100 km,CMIP,piControl,IPSL-CM5A2-INCA,days since 1850-01-01 00:00:00,r1i1p1f1,model-output,atmos,IPSL-CM5A2-INCA,AOGCM BGC AER CHEM,none,none,CFsubhr,rsut,r1i1p1f1,r1i1p1f1,toa_outgoing_shortwave_flux,TOA Outgoing Shortwave Radiation,W m-2,1,,1940-01-01 01:00:00,1950-01-01 00:00:00,1940-01-01 01:00:00-1950-01-01 00:00:00,/uda/cmip6/CMIP/IPSL/IPSL-CM5A2-INCA/historical/r1i1p1f1/CFsubhr/rsut/gn/v20200729/rsut_CFsubhr_IPSL-CM5A2-INCA_historical_r1i1p1f1_gn_19400101010000-19500101000000.nc,v20200729
CMIP,standard,0.0,7305.0,all-forcing simulation of the recent past,historical,subhrPt,data sampled in model native grid by nearest neighbour method,gn,IPSL,100 km,CMIP,piControl,IPSL-CM5A2-INCA,days since 1850-01-01 00:00:00,r1i1p1f1,model-output,atmos,IPSL-CM5A2-INCA,AOGCM BGC AER CHEM,none,none,CFsubhr,rsut,r1i1p1f1,r1i1p1f1,toa_outgoing_shortwave_flux,TOA Outgoing Shortwave Radiation,W m-2,1,,1950-01-01 01:00:00,1960-01-01 00:00:00,1950-01-01 01:00:00-1960-01-01 00:00:00,/uda/cmip6/CMIP/IPSL/IPSL-CM5A2-INCA/historical/r1i1p1f1/CFsubhr/rsut/gn/v20200729/rsut_CFsubhr_IPSL-CM5A2-INCA_historical_r1i1p1f1_gn_19500101010000-19600101000000.nc,v20200729
CMIP,standard,0.0,7305.0,all-forcing simulation of the recent past,historical,subhrPt,data sampled in model native grid by nearest neighbour method,gn,IPSL,100 km,CMIP,piControl,IPSL-CM5A2-INCA,days since 1850-01-01 00:00:00,r1i1p1f1,model-output,atmos,IPSL-CM5A2-INCA,AOGCM BGC AER CHEM,none,none,CFsubhr,rsut,r1i1p1f1,r1i1p1f1,toa_outgoing_shortwave_flux,TOA Outgoing Shortwave Radiation,W m-2,1,,1960-01-01 01:00:00,1970-01-01 00:00:00,1960-01-01 01:00:00-1970-01-01 00:00:00,/uda/cmip6/CMIP/IPSL/IPSL-CM5A2-INCA/historical/r1i1p1f1/CFsubhr/rsut/gn/v20200729/rsut_CFsubhr_IPSL-CM5A2-INCA_historical_r1i1p1f1_gn_19600101010000-19700101000000.nc,v20200729
CMIP,standard,0.0,7305.0,all-forcing simulation of the recent past,historical,subhrPt,data sampled in model native grid by nearest neighbour method,gn,IPSL,100 km,CMIP,piControl,IPSL-CM5A2-INCA,days since 1850-01-01 00:00:00,r1i1p1f1,model-output,atmos,IPSL-CM5A2-INCA,AOGCM BGC AER CHEM,none,none,CFsubhr,rsut,r1i1p1f1,r1i1p1f1,toa_outgoing_shortwave_flux,TOA Outgoing Shortwave Radiation,W m-2,1,,1970-01-01 01:00:00,1980-01-01 00:00:00,1970-01-01 01:00:00-1980-01-01 00:00:00,/uda/cmip6/CMIP/IPSL/IPSL-CM5A2-INCA/historical/r1i1p1f1/CFsubhr/rsut/gn/v20200729/rsut_CFsubhr_IPSL-CM5A2-INCA_historical_r1i1p1f1_gn_19700101010000-19800101000000.nc,v20200729
CMIP,standard,0.0,7305.0,all-forcing simulation of the recent past,historical,subhrPt,data sampled in model native grid by nearest neighbour method,gn,IPSL,100 km,CMIP,piControl,IPSL-CM5A2-INCA,days since 1850-01-01 00:00:00,r1i1p1f1,model-output,atmos,IPSL-CM5A2-INCA,AOGCM BGC AER CHEM,none,none,CFsubhr,rsut,r1i1p1f1,r1i1p1f1,toa_outgoing_shortwave_flux,TOA Outgoing Shortwave Radiation,W m-2,1,,1980-01-01 01:00:00,1990-01-01 00:00:00,1980-01-01 01:00:00-1990-01-01 00:00:00,/uda/cmip6/CMIP/IPSL/IPSL-CM5A2-INCA/historical/r1i1p1f1/CFsubhr/rsut/gn/v20200729/rsut_CFsubhr_IPSL-CM5A2-INCA_historical_r1i1p1f1_gn_19800101010000-19900101000000.nc,v20200729
CMIP,standard,0.0,7305.0,all-forcing simulation of the recent past,historical,subhrPt,data sampled in model native grid by nearest neighbour method,gn,IPSL,100 km,CMIP,piControl,IPSL-CM5A2-INCA,days since 1850-01-01 00:00:00,r1i1p1f1,model-output,atmos,IPSL-CM5A2-INCA,AOGCM BGC AER CHEM,none,none,CFsubhr,rsut,r1i1p1f1,r1i1p1f1,toa_outgoing_shortwave_flux,TOA Outgoing Shortwave Radiation,W m-2,1,,1990-01-01 01:00:00,2000-01-01 00:00:00,1990-01-01 01:00:00-2000-01-01 00:00:00,/uda/cmip6/CMIP/IPSL/IPSL-CM5A2-INCA/historical/r1i1p1f1/CFsubhr/rsut/gn/v20200729/rsut_CFsubhr_IPSL-CM5A2-INCA_historical_r1i1p1f1_gn_19900101010000-20000101000000.nc,v20200729
CMIP,standard,0.0,7305.0,all-forcing simulation of the recent past,historical,subhrPt,data sampled in model native grid by nearest neighbour method,gn,IPSL,100 km,CMIP,piControl,IPSL-CM5A2-INCA,days since 1850-01-01 00:00:00,r1i1p1f1,model-output,atmos,IPSL-CM5A2-INCA,AOGCM BGC AER CHEM,none,none,CFsubhr,rsut,r1i1p1f1,r1i1p1f1,toa_outgoing_shortwave_flux,TOA Outgoing Shortwave Radiation,W m-2,1,,2000-01-01 01:00:00,2010-01-01 00:00:00,2000-01-01 01:00:00-2010-01-01 00:00:00,/uda/cmip6/CMIP/IPSL/IPSL-CM5A2-INCA/historical/r1i1p1f1/CFsubhr/rsut/gn/v20200729/rsut_CFsubhr_IPSL-CM5A2-INCA_historical_r1i1p1f1_gn_20000101010000-20100101000000.nc,v20200729
CMIP,standard,0.0,7305.0,all-forcing simulation of the recent past,historical,subhrPt,data sampled in model native grid by nearest neighbour method,gn,IPSL,100 km,CMIP,piControl,IPSL-CM5A2-INCA,days since 1850-01-01 00:00:00,r1i1p1f1,model-output,atmos,IPSL-CM5A2-INCA,AOGCM BGC AER CHEM,none,none,CFsubhr,rsut,r1i1p1f1,r1i1p1f1,toa_outgoing_shortwave_flux,TOA Outgoing Shortwave Radiation,W m-2,1,,2010-01-01 01:00:00,2015-01-01 00:00:00,2010-01-01 01:00:00-2015-01-01 00:00:00,/uda/cmip6/CMIP/IPSL/IPSL-CM5A2-INCA/historical/r1i1p1f1/CFsubhr/rsut/gn/v20200729/rsut_CFsubhr_IPSL-CM5A2-INCA_historical_r1i1p1f1_gn_20100101010000-20150101000000.nc,v20200729
CMIP,standard,0.0,7305.0,all-forcing simulation of the recent past,historical,subhrPt,data sampled in model native grid by nearest neighbour method,gn,IPSL,100 km,CMIP,piControl,IPSL-CM5A2-INCA,days since 1850-01-01 00:00:00,r1i1p1f1,model-output,atmos,IPSL-CM5A2-INCA,AOGCM BGC AER CHEM,none,none,CFsubhr,rtmt,r1i1p1f1,r1i1p1f1,net_downward_radiative_flux_at_top_of_atmosphere_model,Net Downward Flux at Top of Model,W m-2,1,,1850-01-01 01:00:00,1860-01-01 00:00:00,1850-01-01 01:00:00-1860-01-01 00:00:00,/uda/cmip6/CMIP/IPSL/IPSL-CM5A2-INCA/historical/r1i1p1f1/CFsubhr/rtmt/gn/v20200729/rtmt_CFsubhr_IPSL-CM5A2-INCA_historical_r1i1p1f1_gn_18500101010000-18600101000000.nc,v20200729
CMIP,standard,0.0,7305.0,all-forcing simulation of the recent past,historical,subhrPt,data sampled in model native grid by nearest neighbour method,gn,IPSL,100 km,CMIP,piControl,IPSL-CM5A2-INCA,days since 1850-01-01 00:00:00,r1i1p1f1,model-output,atmos,IPSL-CM5A2-INCA,AOGCM BGC AER CHEM,none,none,CFsubhr,rtmt,r1i1p1f1,r1i1p1f1,net_downward_radiative_flux_at_top_of_atmosphere_model,Net Downward Flux at Top of Model,W m-2,1,,1860-01-01 01:00:00,1870-01-01 00:00:00,1860-01-01 01:00:00-1870-01-01 00:00:00,/uda/cmip6/CMIP/IPSL/IPSL-CM5A2-INCA/historical/r1i1p1f1/CFsubhr/rtmt/gn/v20200729/rtmt_CFsubhr_IPSL-CM5A2-INCA_historical_r1i1p1f1_gn_18600101010000-18700101000000.nc,v20200729
CMIP,standard,0.0,7305.0,all-forcing simulation of the recent past,historical,subhrPt,data sampled in model native grid by nearest neighbour method,gn,IPSL,100 km,CMIP,piControl,IPSL-CM5A2-INCA,days since 1850-01-01 00:00:00,r1i1p1f1,model-output,atmos,IPSL-CM5A2-INCA,AOGCM BGC AER CHEM,none,none,CFsubhr,rtmt,r1i1p1f1,r1i1p1f1,net_downward_radiative_flux_at_top_of_atmosphere_model,Net Downward Flux at Top of Model,W m-2,1,,1870-01-01 01:00:00,1880-01-01 00:00:00,1870-01-01 01:00:00-1880-01-01 00:00:00,/uda/cmip6/CMIP/IPSL/IPSL-CM5A2-INCA/historical/r1i1p1f1/CFsubhr/rtmt/gn/v20200729/rtmt_CFsubhr_IPSL-CM5A2-INCA_historical_r1i1p1f1_gn_18700101010000-18800101000000.nc,v20200729
CMIP,standard,0.0,7305.0,all-forcing simulation of the recent past,historical,subhrPt,data sampled in model native grid by nearest neighbour method,gn,IPSL,100 km,CMIP,piControl,IPSL-CM5A2-INCA,days since 1850-01-01 00:00:00,r1i1p1f1,model-output,atmos,IPSL-CM5A2-INCA,AOGCM BGC AER CHEM,none,none,CFsubhr,rtmt,r1i1p1f1,r1i1p1f1,net_downward_radiative_flux_at_top_of_atmosphere_model,Net Downward Flux at Top of Model,W m-2,1,,1880-01-01 01:00:00,1890-01-01 00:00:00,1880-01-01 01:00:00-1890-01-01 00:00:00,/uda/cmip6/CMIP/IPSL/IPSL-CM5A2-INCA/historical/r1i1p1f1/CFsubhr/rtmt/gn/v20200729/rtmt_CFsubhr_IPSL-CM5A2-INCA_historical_r1i1p1f1_gn_18800101010000-18900101000000.nc,v20200729
CMIP,standard,0.0,7305.0,all-forcing simulation of the recent past,historical,subhrPt,data sampled in model native grid by nearest neighbour method,gn,IPSL,100 km,CMIP,piControl,IPSL-CM5A2-INCA,days since 1850-01-01 00:00:00,r1i1p1f1,model-output,atmos,IPSL-CM5A2-INCA,AOGCM BGC AER CHEM,none,none,CFsubhr,rtmt,r1i1p1f1,r1i1p1f1,net_downward_radiative_flux_at_top_of_atmosphere_model,Net Downward Flux at Top of Model,W m-2,1,,1890-01-01 01:00:00,1900-01-01 00:00:00,1890-01-01 01:00:00-1900-01-01 00:00:00,/uda/cmip6/CMIP/IPSL/IPSL-CM5A2-INCA/historical/r1i1p1f1/CFsubhr/rtmt/gn/v20200729/rtmt_CFsubhr_IPSL-CM5A2-INCA_historical_r1i1p1f1_gn_18900101010000-19000101000000.nc,v20200729
CMIP,standard,0.0,7305.0,all-forcing simulation of the recent past,historical,subhrPt,data sampled in model native grid by nearest neighbour method,gn,IPSL,100 km,CMIP,piControl,IPSL-CM5A2-INCA,days since 1850-01-01 00:00:00,r1i1p1f1,model-output,atmos,IPSL-CM5A2-INCA,AOGCM BGC AER CHEM,none,none,CFsubhr,rtmt,r1i1p1f1,r1i1p1f1,net_downward_radiative_flux_at_top_of_atmosphere_model,Net Downward Flux at Top of Model,W m-2,1,,1900-01-01 01:00:00,1910-01-01 00:00:00,1900-01-01 01:00:00-1910-01-01 00:00:00,/uda/cmip6/CMIP/IPSL/IPSL-CM5A2-INCA/historical/r1i1p1f1/CFsubhr/rtmt/gn/v20200729/rtmt_CFsubhr_IPSL-CM5A2-INCA_historical_r1i1p1f1_gn_19000101010000-19100101000000.nc,v20200729
CMIP,standard,0.0,7305.0,all-forcing simulation of the recent past,historical,subhrPt,data sampled in model native grid by nearest neighbour method,gn,IPSL,100 km,CMIP,piControl,IPSL-CM5A2-INCA,days since 1850-01-01 00:00:00,r1i1p1f1,model-output,atmos,IPSL-CM5A2-INCA,AOGCM BGC AER CHEM,none,none,CFsubhr,rtmt,r1i1p1f1,r1i1p1f1,net_downward_radiative_flux_at_top_of_atmosphere_model,Net Downward Flux at Top of Model,W m-2,1,,1910-01-01 01:00:00,1920-01-01 00:00:00,1910-01-01 01:00:00-1920-01-01 00:00:00,/uda/cmip6/CMIP/IPSL/IPSL-CM5A2-INCA/historical/r1i1p1f1/CFsubhr/rtmt/gn/v20200729/rtmt_CFsubhr_IPSL-CM5A2-INCA_historical_r1i1p1f1_gn_19100101010000-19200101000000.nc,v20200729
CMIP,standard,0.0,7305.0,all-forcing simulation of the recent past,historical,subhrPt,data sampled in model native grid by nearest neighbour method,gn,IPSL,100 km,CMIP,piControl,IPSL-CM5A2-INCA,days since 1850-01-01 00:00:00,r1i1p1f1,model-output,atmos,IPSL-CM5A2-INCA,AOGCM BGC AER CHEM,none,none,CFsubhr,rtmt,r1i1p1f1,r1i1p1f1,net_downward_radiative_flux_at_top_of_atmosphere_model,Net Downward Flux at Top of Model,W m-2,1,,1920-01-01 01:00:00,1930-01-01 00:00:00,1920-01-01 01:00:00-1930-01-01 00:00:00,/uda/cmip6/CMIP/IPSL/IPSL-CM5A2-INCA/historical/r1i1p1f1/CFsubhr/rtmt/gn/v20200729/rtmt_CFsubhr_IPSL-CM5A2-INCA_historical_r1i1p1f1_gn_19200101010000-19300101000000.nc,v20200729
CMIP,standard,0.0,7305.0,all-forcing simulation of the recent past,historical,subhrPt,data sampled in model native grid by nearest neighbour method,gn,IPSL,100 km,CMIP,piControl,IPSL-CM5A2-INCA,days since 1850-01-01 00:00:00,r1i1p1f1,model-output,atmos,IPSL-CM5A2-INCA,AOGCM BGC AER CHEM,none,none,CFsubhr,rtmt,r1i1p1f1,r1i1p1f1,net_downward_radiative_flux_at_top_of_atmosphere_model,Net Downward Flux at Top of Model,W m-2,1,,1930-01-01 01:00:00,1940-01-01 00:00:00,1930-01-01 01:00:00-1940-01-01 00:00:00,/uda/cmip6/CMIP/IPSL/IPSL-CM5A2-INCA/historical/r1i1p1f1/CFsubhr/rtmt/gn/v20200729/rtmt_CFsubhr_IPSL-CM5A2-INCA_historical_r1i1p1f1_gn_19300101010000-19400101000000.nc,v20200729
CMIP,standard,0.0,7305.0,all-forcing simulation of the recent past,historical,subhrPt,data sampled in model native grid by nearest neighbour method,gn,IPSL,100 km,CMIP,piControl,IPSL-CM5A2-INCA,days since 1850-01-01 00:00:00,r1i1p1f1,model-output,atmos,IPSL-CM5A2-INCA,AOGCM BGC AER CHEM,none,none,CFsubhr,rtmt,r1i1p1f1,r1i1p1f1,net_downward_radiative_flux_at_top_of_atmosphere_model,Net Downward Flux at Top of Model,W m-2,1,,1940-01-01 01:00:00,1950-01-01 00:00:00,1940-01-01 01:00:00-1950-01-01 00:00:00,/uda/cmip6/CMIP/IPSL/IPSL-CM5A2-INCA/historical/r1i1p1f1/CFsubhr/rtmt/gn/v20200729/rtmt_CFsubhr_IPSL-CM5A2-INCA_historical_r1i1p1f1_gn_19400101010000-19500101000000.nc,v20200729
CMIP,standard,0.0,7305.0,all-forcing simulation of the recent past,historical,subhrPt,data sampled in model native grid by nearest neighbour method,gn,IPSL,100 km,CMIP,piControl,IPSL-CM5A2-INCA,days since 1850-01-01 00:00:00,r1i1p1f1,model-output,atmos,IPSL-CM5A2-INCA,AOGCM BGC AER CHEM,none,none,CFsubhr,rtmt,r1i1p1f1,r1i1p1f1,net_downward_radiative_flux_at_top_of_atmosphere_model,Net Downward Flux at Top of Model,W m-2,1,,1950-01-01 01:00:00,1960-01-01 00:00:00,1950-01-01 01:00:00-1960-01-01 00:00:00,/uda/cmip6/CMIP/IPSL/IPSL-CM5A2-INCA/historical/r1i1p1f1/CFsubhr/rtmt/gn/v20200729/rtmt_CFsubhr_IPSL-CM5A2-INCA_historical_r1i1p1f1_gn_19500101010000-19600101000000.nc,v20200729
CMIP,standard,0.0,7305.0,all-forcing simulation of the recent past,historical,subhrPt,data sampled in model native grid by nearest neighbour method,gn,IPSL,100 km,CMIP,piControl,IPSL-CM5A2-INCA,days since 1850-01-01 00:00:00,r1i1p1f1,model-output,atmos,IPSL-CM5A2-INCA,AOGCM BGC AER CHEM,none,none,CFsubhr,rtmt,r1i1p1f1,r1i1p1f1,net_downward_radiative_flux_at_top_of_atmosphere_model,Net Downward Flux at Top of Model,W m-2,1,,1960-01-01 01:00:00,1970-01-01 00:00:00,1960-01-01 01:00:00-1970-01-01 00:00:00,/uda/cmip6/CMIP/IPSL/IPSL-CM5A2-INCA/historical/r1i1p1f1/CFsubhr/rtmt/gn/v20200729/rtmt_CFsubhr_IPSL-CM5A2-INCA_historical_r1i1p1f1_gn_19600101010000-19700101000000.nc,v20200729
CMIP,standard,0.0,7305.0,all-forcing simulation of the recent past,historical,subhrPt,data sampled in model native grid by nearest neighbour method,gn,IPSL,100 km,CMIP,piControl,IPSL-CM5A2-INCA,days since 1850-01-01 00:00:00,r1i1p1f1,model-output,atmos,IPSL-CM5A2-INCA,AOGCM BGC AER CHEM,none,none,CFsubhr,rtmt,r1i1p1f1,r1i1p1f1,net_downward_radiative_flux_at_top_of_atmosphere_model,Net Downward Flux at Top of Model,W m-2,1,,1970-01-01 01:00:00,1980-01-01 00:00:00,1970-01-01 01:00:00-1980-01-01 00:00:00,/uda/cmip6/CMIP/IPSL/IPSL-CM5A2-INCA/historical/r1i1p1f1/CFsubhr/rtmt/gn/v20200729/rtmt_CFsubhr_IPSL-CM5A2-INCA_historical_r1i1p1f1_gn_19700101010000-19800101000000.nc,v20200729
CMIP,standard,0.0,7305.0,all-forcing simulation of the recent past,historical,subhrPt,data sampled in model native grid by nearest neighbour method,gn,IPSL,100 km,CMIP,piControl,IPSL-CM5A2-INCA,days since 1850-01-01 00:00:00,r1i1p1f1,model-output,atmos,IPSL-CM5A2-INCA,AOGCM BGC AER CHEM,none,none,CFsubhr,rtmt,r1i1p1f1,r1i1p1f1,net_downward_radiative_flux_at_top_of_atmosphere_model,Net Downward Flux at Top of Model,W m-2,1,,1980-01-01 01:00:00,1990-01-01 00:00:00,1980-01-01 01:00:00-1990-01-01 00:00:00,/uda/cmip6/CMIP/IPSL/IPSL-CM5A2-INCA/historical/r1i1p1f1/CFsubhr/rtmt/gn/v20200729/rtmt_CFsubhr_IPSL-CM5A2-INCA_historical_r1i1p1f1_gn_19800101010000-19900101000000.nc,v20200729
CMIP,standard,0.0,7305.0,all-forcing simulation of the recent past,historical,subhrPt,data sampled in model native grid by nearest neighbour method,gn,IPSL,100 km,CMIP,piControl,IPSL-CM5A2-INCA,days since 1850-01-01 00:00:00,r1i1p1f1,model-output,atmos,IPSL-CM5A2-INCA,AOGCM BGC AER CHEM,none,none,CFsubhr,rtmt,r1i1p1f1,r1i1p1f1,net_downward_radiative_flux_at_top_of_atmosphere_model,Net Downward Flux at Top of Model,W m-2,1,,1990-01-01 01:00:00,2000-01-01 00:00:00,1990-01-01 01:00:00-2000-01-01 00:00:00,/uda/cmip6/CMIP/IPSL/IPSL-CM5A2-INCA/historical/r1i1p1f1/CFsubhr/rtmt/gn/v20200729/rtmt_CFsubhr_IPSL-CM5A2-INCA_historical_r1i1p1f1_gn_19900101010000-20000101000000.nc,v20200729
CMIP,standard,0.0,7305.0,all-forcing simulation of the recent past,historical,subhrPt,data sampled in model native grid by nearest neighbour method,gn,IPSL,100 km,CMIP,piControl,IPSL-CM5A2-INCA,days since 1850-01-01 00:00:00,r1i1p1f1,model-output,atmos,IPSL-CM5A2-INCA,AOGCM BGC AER CHEM,none,none,CFsubhr,rtmt,r1i1p1f1,r1i1p1f1,net_downward_radiative_flux_at_top_of_atmosphere_model,Net Downward Flux at Top of Model,W m-2,1,,2000-01-01 01:00:00,2010-01-01 00:00:00,2000-01-01 01:00:00-2010-01-01 00:00:00,/uda/cmip6/CMIP/IPSL/IPSL-CM5A2-INCA/historical/r1i1p1f1/CFsubhr/rtmt/gn/v20200729/rtmt_CFsubhr_IPSL-CM5A2-INCA_historical_r1i1p1f1_gn_20000101010000-20100101000000.nc,v20200729
CMIP,standard,0.0,7305.0,all-forcing simulation of the recent past,historical,subhrPt,data sampled in model native grid by nearest neighbour method,gn,IPSL,100 km,CMIP,piControl,IPSL-CM5A2-INCA,days since 1850-01-01 00:00:00,r1i1p1f1,model-output,atmos,IPSL-CM5A2-INCA,AOGCM BGC AER CHEM,none,none,CFsubhr,rtmt,r1i1p1f1,r1i1p1f1,net_downward_radiative_flux_at_top_of_atmosphere_model,Net Downward Flux at Top of Model,W m-2,1,,2010-01-01 01:00:00,2015-01-01 00:00:00,2010-01-01 01:00:00-2015-01-01 00:00:00,/uda/cmip6/CMIP/IPSL/IPSL-CM5A2-INCA/historical/r1i1p1f1/CFsubhr/rtmt/gn/v20200729/rtmt_CFsubhr_IPSL-CM5A2-INCA_historical_r1i1p1f1_gn_20100101010000-20150101000000.nc,v20200729
CMIP,standard,0.0,7305.0,all-forcing simulation of the recent past,historical,day,LMDZ grid,gr,IPSL,500 km,CMIP,piControl,IPSL-CM5A2-INCA,days since 1850-01-01 00:00:00,r1i1p1f1,model-output,atmos,IPSL-CM5A2-INCA,AOGCM BGC AER CHEM,none,none,Eday,ta850,r1i1p1f1,r1i1p1f1,air_temperature,Air Temperature,K,1,,1850-01-01 12:00:00,2014-12-31 12:00:00,1850-01-01 12:00:00-2014-12-31 12:00:00,/uda/cmip6/CMIP/IPSL/IPSL-CM5A2-INCA/historical/r1i1p1f1/Eday/ta850/gr/v20200729/ta850_Eday_IPSL-CM5A2-INCA_historical_r1i1p1f1_gr_18500101-20141231.nc,v20200729
CMIP,standard,0.0,7305.0,all-forcing simulation of the recent past,historical,day,LMDZ grid,gr,IPSL,500 km,CMIP,piControl,IPSL-CM5A2-INCA,days since 1850-01-01 00:00:00,r1i1p1f1,model-output,atmos,IPSL-CM5A2-INCA,AOGCM BGC AER CHEM,none,none,Eday,zmla,r1i1p1f1,r1i1p1f1,atmosphere_boundary_layer_thickness,Height of Boundary Layer,m,1,,1995-01-01 12:00:00,2014-12-31 12:00:00,1995-01-01 12:00:00-2014-12-31 12:00:00,/uda/cmip6/CMIP/IPSL/IPSL-CM5A2-INCA/historical/r1i1p1f1/Eday/zmla/gr/v20200729/zmla_Eday_IPSL-CM5A2-INCA_historical_r1i1p1f1_gr_19950101-20141231.nc,v20200729
CMIP,standard,0.0,7305.0,all-forcing simulation of the recent past,historical,mon,native ocean ORCA2 tripolar primarily 2deg grid,gn,IPSL,250 km,CMIP,piControl,IPSL-CM5A2-INCA,days since 1850-01-01 00:00:00,r1i1p1f1,model-output,ocnBgchem,IPSL-CM5A2-INCA,AOGCM BGC AER CHEM,none,none,Omon,chl,r1i1p1f1,r1i1p1f1,mass_concentration_of_phytoplankton_expressed_as_chlorophyll_in_sea_water,Mass Concentration of Total Phytoplankton expressed as Chlorophyll in sea water,kg m-3,31,,1850-01-16 12:00:00,2014-12-16 12:00:00,1850-01-16 12:00:00-2014-12-16 12:00:00,/uda/cmip6/CMIP/IPSL/IPSL-CM5A2-INCA/historical/r1i1p1f1/Omon/chl/gn/v20200729/chl_Omon_IPSL-CM5A2-INCA_historical_r1i1p1f1_gn_185001-201412.nc,v20200729
CMIP,standard,0.0,7305.0,all-forcing simulation of the recent past,historical,mon,native ocean ORCA2 tripolar primarily 2deg grid,gn,IPSL,250 km,CMIP,piControl,IPSL-CM5A2-INCA,days since 1850-01-01 00:00:00,r1i1p1f1,model-output,ocnBgchem,IPSL-CM5A2-INCA,AOGCM BGC AER CHEM,none,none,Omon,dfe,r1i1p1f1,r1i1p1f1,mole_concentration_of_dissolved_iron_in_sea_water,Dissolved Iron Concentration,mol m-3,31,,1850-01-16 12:00:00,2014-12-16 12:00:00,1850-01-16 12:00:00-2014-12-16 12:00:00,/uda/cmip6/CMIP/IPSL/IPSL-CM5A2-INCA/historical/r1i1p1f1/Omon/dfe/gn/v20200729/dfe_Omon_IPSL-CM5A2-INCA_historical_r1i1p1f1_gn_185001-201412.nc,v20200729
CMIP,standard,0.0,7305.0,all-forcing simulation of the recent past,historical,mon,native ocean ORCA2 tripolar primarily 2deg grid,gn,IPSL,250 km,CMIP,piControl,IPSL-CM5A2-INCA,days since 1850-01-01 00:00:00,r1i1p1f1,model-output,ocnBgchem,IPSL-CM5A2-INCA,AOGCM BGC AER CHEM,none,none,Omon,dpco2,r1i1p1f1,r1i1p1f1,surface_carbon_dioxide_partial_pressure_difference_between_sea_water_and_air,Delta PCO2,Pa,1,,1850-01-16 12:00:00,2014-12-16 12:00:00,1850-01-16 12:00:00-2014-12-16 12:00:00,/uda/cmip6/CMIP/IPSL/IPSL-CM5A2-INCA/historical/r1i1p1f1/Omon/dpco2/gn/v20200729/dpco2_Omon_IPSL-CM5A2-INCA_historical_r1i1p1f1_gn_185001-201412.nc,v20200729
CMIP,standard,0.0,7305.0,all-forcing simulation of the recent past,historical,mon,native ocean ORCA2 tripolar primarily 2deg grid,gn,IPSL,250 km,CMIP,piControl,IPSL-CM5A2-INCA,days since 1850-01-01 00:00:00,r1i1p1f1,model-output,ocnBgchem,IPSL-CM5A2-INCA,AOGCM BGC AER CHEM,none,none,Omon,epc100,r1i1p1f1,r1i1p1f1,sinking_mole_flux_of_particulate_organic_matter_expressed_as_carbon_in_sea_water,Downward Flux of Particulate Organic Carbon,mol m-2 s-1,1,,1850-01-16 12:00:00,2014-12-16 12:00:00,1850-01-16 12:00:00-2014-12-16 12:00:00,/uda/cmip6/CMIP/IPSL/IPSL-CM5A2-INCA/historical/r1i1p1f1/Omon/epc100/gn/v20200729/epc100_Omon_IPSL-CM5A2-INCA_historical_r1i1p1f1_gn_185001-201412.nc,v20200729
CMIP,standard,0.0,7305.0,all-forcing simulation of the recent past,historical,mon,native ocean ORCA2 tripolar primarily 2deg grid,gn,IPSL,250 km,CMIP,piControl,IPSL-CM5A2-INCA,days since 1850-01-01 00:00:00,r1i1p1f1,model-output,ocnBgchem,IPSL-CM5A2-INCA,AOGCM BGC AER CHEM,none,none,Omon,fgco2,r1i1p1f1,r1i1p1f1,surface_downward_mass_flux_of_carbon_dioxide_expressed_as_carbon,Surface Downward Flux of Total CO2,kg m-2 s-1,1,,1850-01-16 12:00:00,2014-12-16 12:00:00,1850-01-16 12:00:00-2014-12-16 12:00:00,/uda/cmip6/CMIP/IPSL/IPSL-CM5A2-INCA/historical/r1i1p1f1/Omon/fgco2/gn/v20200729/fgco2_Omon_IPSL-CM5A2-INCA_historical_r1i1p1f1_gn_185001-201412.nc,v20200729
CMIP,standard,0.0,7305.0,all-forcing simulation of the recent past,historical,mon,native ocean ORCA2 tripolar primarily 2deg grid,gn,IPSL,250 km,CMIP,piControl,IPSL-CM5A2-INCA,days since 1850-01-01 00:00:00,r1i1p1f1,model-output,ocnBgchem,IPSL-CM5A2-INCA,AOGCM BGC AER CHEM,none,none,Omon,intpp,r1i1p1f1,r1i1p1f1,net_primary_mole_productivity_of_biomass_expressed_as_carbon_by_phytoplankton,Primary Organic Carbon Production by All Types of Phytoplankton,mol m-2 s-1,1,,1850-01-16 12:00:00,2014-12-16 12:00:00,1850-01-16 12:00:00-2014-12-16 12:00:00,/uda/cmip6/CMIP/IPSL/IPSL-CM5A2-INCA/historical/r1i1p1f1/Omon/intpp/gn/v20200729/intpp_Omon_IPSL-CM5A2-INCA_historical_r1i1p1f1_gn_185001-201412.nc,v20200729
CMIP,standard,0.0,7305.0,all-forcing simulation of the recent past,historical,mon,native ocean ORCA2 tripolar primarily 2deg grid,gn,IPSL,250 km,CMIP,piControl,IPSL-CM5A2-INCA,days since 1850-01-01 00:00:00,r1i1p1f1,model-output,ocean,IPSL-CM5A2-INCA,AOGCM BGC AER CHEM,none,none,Omon,mlotst,r1i1p1f1,r1i1p1f1,ocean_mixed_layer_thickness_defined_by_sigma_t,Ocean Mixed Layer Thickness Defined by Sigma T,m,1,,1850-01-16 12:00:00,2014-12-16 12:00:00,1850-01-16 12:00:00-2014-12-16 12:00:00,/uda/cmip6/CMIP/IPSL/IPSL-CM5A2-INCA/historical/r1i1p1f1/Omon/mlotst/gn/v20200729/mlotst_Omon_IPSL-CM5A2-INCA_historical_r1i1p1f1_gn_185001-201412.nc,v20200729
CMIP,standard,0.0,7305.0,all-forcing simulation of the recent past,historical,mon,native ocean ORCA2 tripolar primarily 2deg grid,gn,IPSL,250 km,CMIP,piControl,IPSL-CM5A2-INCA,days since 1850-01-01 00:00:00,r1i1p1f1,model-output,ocnBgchem,IPSL-CM5A2-INCA,AOGCM BGC AER CHEM,none,none,Omon,no3,r1i1p1f1,r1i1p1f1,mole_concentration_of_nitrate_in_sea_water,Dissolved Nitrate Concentration,mol m-3,31,,1850-01-16 12:00:00,2014-12-16 12:00:00,1850-01-16 12:00:00-2014-12-16 12:00:00,/uda/cmip6/CMIP/IPSL/IPSL-CM5A2-INCA/historical/r1i1p1f1/Omon/no3/gn/v20200729/no3_Omon_IPSL-CM5A2-INCA_historical_r1i1p1f1_gn_185001-201412.nc,v20200729
CMIP,standard,0.0,7305.0,all-forcing simulation of the recent past,historical,mon,native ocean ORCA2 tripolar primarily 2deg grid,gn,IPSL,250 km,CMIP,piControl,IPSL-CM5A2-INCA,days since 1850-01-01 00:00:00,r1i1p1f1,model-output,ocnBgchem,IPSL-CM5A2-INCA,AOGCM BGC AER CHEM,none,none,Omon,o2,r1i1p1f1,r1i1p1f1,mole_concentration_of_dissolved_molecular_oxygen_in_sea_water,Dissolved Oxygen Concentration,mol m-3,31,,1850-01-16 12:00:00,2014-12-16 12:00:00,1850-01-16 12:00:00-2014-12-16 12:00:00,/uda/cmip6/CMIP/IPSL/IPSL-CM5A2-INCA/historical/r1i1p1f1/Omon/o2/gn/v20200729/o2_Omon_IPSL-CM5A2-INCA_historical_r1i1p1f1_gn_185001-201412.nc,v20200729
CMIP,standard,0.0,7305.0,all-forcing simulation of the recent past,historical,mon,native ocean ORCA2 tripolar primarily 2deg grid,gn,IPSL,250 km,CMIP,piControl,IPSL-CM5A2-INCA,days since 1850-01-01 00:00:00,r1i1p1f1,model-output,ocnBgchem,IPSL-CM5A2-INCA,AOGCM BGC AER CHEM,none,none,Omon,o2min,r1i1p1f1,r1i1p1f1,mole_concentration_of_dissolved_molecular_oxygen_in_sea_water_at_shallowest_local_minimum_in_vertical_profile,Oxygen Minimum Concentration,mol m-3,1,,1850-01-16 12:00:00,2014-12-16 12:00:00,1850-01-16 12:00:00-2014-12-16 12:00:00,/uda/cmip6/CMIP/IPSL/IPSL-CM5A2-INCA/historical/r1i1p1f1/Omon/o2min/gn/v20200729/o2min_Omon_IPSL-CM5A2-INCA_historical_r1i1p1f1_gn_185001-201412.nc,v20200729
CMIP,standard,0.0,7305.0,all-forcing simulation of the recent past,historical,mon,native ocean ORCA2 tripolar primarily 2deg grid,gn,IPSL,250 km,CMIP,piControl,IPSL-CM5A2-INCA,days since 1850-01-01 00:00:00,r1i1p1f1,model-output,ocnBgchem,IPSL-CM5A2-INCA,AOGCM BGC AER CHEM,none,none,Omon,phyc,r1i1p1f1,r1i1p1f1,mole_concentration_of_phytoplankton_expressed_as_carbon_in_sea_water,Phytoplankton Carbon Concentration,mol m-3,31,,1850-01-16 12:00:00,2014-12-16 12:00:00,1850-01-16 12:00:00-2014-12-16 12:00:00,/uda/cmip6/CMIP/IPSL/IPSL-CM5A2-INCA/historical/r1i1p1f1/Omon/phyc/gn/v20200729/phyc_Omon_IPSL-CM5A2-INCA_historical_r1i1p1f1_gn_185001-201412.nc,v20200729
CMIP,standard,0.0,7305.0,all-forcing simulation of the recent past,historical,mon,native ocean ORCA2 tripolar primarily 2deg grid,gn,IPSL,250 km,CMIP,piControl,IPSL-CM5A2-INCA,days since 1850-01-01 00:00:00,r1i1p1f1,model-output,ocnBgchem,IPSL-CM5A2-INCA,AOGCM BGC AER CHEM,none,none,Omon,po4,r1i1p1f1,r1i1p1f1,mole_concentration_of_dissolved_inorganic_phosphorus_in_sea_water,Total Dissolved Inorganic Phosphorus Concentration,mol m-3,31,,1850-01-16 12:00:00,2014-12-16 12:00:00,1850-01-16 12:00:00-2014-12-16 12:00:00,/uda/cmip6/CMIP/IPSL/IPSL-CM5A2-INCA/historical/r1i1p1f1/Omon/po4/gn/v20200729/po4_Omon_IPSL-CM5A2-INCA_historical_r1i1p1f1_gn_185001-201412.nc,v20200729
CMIP,standard,0.0,7305.0,all-forcing simulation of the recent past,historical,mon,native ocean ORCA2 tripolar primarily 2deg grid,gn,IPSL,250 km,CMIP,piControl,IPSL-CM5A2-INCA,days since 1850-01-01 00:00:00,r1i1p1f1,model-output,ocean,IPSL-CM5A2-INCA,AOGCM BGC AER CHEM,none,none,Omon,rsntds,r1i1p1f1,r1i1p1f1,net_downward_shortwave_flux_at_sea_water_surface,Net Downward Shortwave Radiation at Sea Water Surface,W m-2,1,,1850-01-16 12:00:00,2014-12-16 12:00:00,1850-01-16 12:00:00-2014-12-16 12:00:00,/uda/cmip6/CMIP/IPSL/IPSL-CM5A2-INCA/historical/r1i1p1f1/Omon/rsntds/gn/v20200729/rsntds_Omon_IPSL-CM5A2-INCA_historical_r1i1p1f1_gn_185001-201412.nc,v20200729
CMIP,standard,0.0,7305.0,all-forcing simulation of the recent past,historical,mon,native ocean ORCA2 tripolar primarily 2deg grid,gn,IPSL,250 km,CMIP,piControl,IPSL-CM5A2-INCA,days since 1850-01-01 00:00:00,r1i1p1f1,model-output,ocnBgchem,IPSL-CM5A2-INCA,AOGCM BGC AER CHEM,none,none,Omon,si,r1i1p1f1,r1i1p1f1,mole_concentration_of_dissolved_inorganic_silicon_in_sea_water,Total Dissolved Inorganic Silicon Concentration,mol m-3,31,,1850-01-16 12:00:00,2014-12-16 12:00:00,1850-01-16 12:00:00-2014-12-16 12:00:00,/uda/cmip6/CMIP/IPSL/IPSL-CM5A2-INCA/historical/r1i1p1f1/Omon/si/gn/v20200729/si_Omon_IPSL-CM5A2-INCA_historical_r1i1p1f1_gn_185001-201412.nc,v20200729
CMIP,standard,0.0,7305.0,all-forcing simulation of the recent past,historical,mon,native ocean ORCA2 tripolar primarily 2deg grid,gn,IPSL,250 km,CMIP,piControl,IPSL-CM5A2-INCA,days since 1850-01-01 00:00:00,r1i1p1f1,model-output,ocean,IPSL-CM5A2-INCA,AOGCM BGC AER CHEM,none,none,Omon,so,r1i1p1f1,r1i1p1f1,sea_water_salinity,Sea Water Salinity,0.001,31,,1850-01-16 12:00:00,2014-12-16 12:00:00,1850-01-16 12:00:00-2014-12-16 12:00:00,/uda/cmip6/CMIP/IPSL/IPSL-CM5A2-INCA/historical/r1i1p1f1/Omon/so/gn/v20200729/so_Omon_IPSL-CM5A2-INCA_historical_r1i1p1f1_gn_185001-201412.nc,v20200729
CMIP,standard,0.0,7305.0,all-forcing simulation of the recent past,historical,mon,native ocean ORCA2 tripolar primarily 2deg grid,gn,IPSL,250 km,CMIP,piControl,IPSL-CM5A2-INCA,days since 1850-01-01 00:00:00,r1i1p1f1,model-output,ocean,IPSL-CM5A2-INCA,AOGCM BGC AER CHEM,none,none,Omon,tauuo,r1i1p1f1,r1i1p1f1,surface_downward_x_stress,Surface Downward X Stress,N m-2,1,,1850-01-16 12:00:00,2014-12-16 12:00:00,1850-01-16 12:00:00-2014-12-16 12:00:00,/uda/cmip6/CMIP/IPSL/IPSL-CM5A2-INCA/historical/r1i1p1f1/Omon/tauuo/gn/v20200729/tauuo_Omon_IPSL-CM5A2-INCA_historical_r1i1p1f1_gn_185001-201412.nc,v20200729
CMIP,standard,0.0,7305.0,all-forcing simulation of the recent past,historical,mon,native ocean ORCA2 tripolar primarily 2deg grid,gn,IPSL,250 km,CMIP,piControl,IPSL-CM5A2-INCA,days since 1850-01-01 00:00:00,r1i1p1f1,model-output,ocean,IPSL-CM5A2-INCA,AOGCM BGC AER CHEM,none,none,Omon,tauvo,r1i1p1f1,r1i1p1f1,surface_downward_y_stress,Surface Downward Y Stress,N m-2,1,,1850-01-16 12:00:00,2014-12-16 12:00:00,1850-01-16 12:00:00-2014-12-16 12:00:00,/uda/cmip6/CMIP/IPSL/IPSL-CM5A2-INCA/historical/r1i1p1f1/Omon/tauvo/gn/v20200729/tauvo_Omon_IPSL-CM5A2-INCA_historical_r1i1p1f1_gn_185001-201412.nc,v20200729
CMIP,standard,0.0,7305.0,all-forcing simulation of the recent past,historical,mon,native ocean ORCA2 tripolar primarily 2deg grid,gn,IPSL,250 km,CMIP,piControl,IPSL-CM5A2-INCA,days since 1850-01-01 00:00:00,r1i1p1f1,model-output,ocean,IPSL-CM5A2-INCA,AOGCM BGC AER CHEM,none,none,Omon,thetao,r1i1p1f1,r1i1p1f1,sea_water_potential_temperature,Sea Water Potential Temperature,degC,31,,1850-01-16 12:00:00,2014-12-16 12:00:00,1850-01-16 12:00:00-2014-12-16 12:00:00,/uda/cmip6/CMIP/IPSL/IPSL-CM5A2-INCA/historical/r1i1p1f1/Omon/thetao/gn/v20200729/thetao_Omon_IPSL-CM5A2-INCA_historical_r1i1p1f1_gn_185001-201412.nc,v20200729
CMIP,standard,0.0,7305.0,all-forcing simulation of the recent past,historical,mon,native ocean ORCA2 tripolar primarily 2deg grid,gn,IPSL,250 km,CMIP,piControl,IPSL-CM5A2-INCA,days since 1850-01-01 00:00:00,r1i1p1f1,model-output,ocean,IPSL-CM5A2-INCA,AOGCM BGC AER CHEM,none,none,Omon,tos,r1i1p1f1,r1i1p1f1,sea_surface_temperature,Sea Surface Temperature,degC,1,,1850-01-16 12:00:00,2014-12-16 12:00:00,1850-01-16 12:00:00-2014-12-16 12:00:00,/uda/cmip6/CMIP/IPSL/IPSL-CM5A2-INCA/historical/r1i1p1f1/Omon/tos/gn/v20200729/tos_Omon_IPSL-CM5A2-INCA_historical_r1i1p1f1_gn_185001-201412.nc,v20200729
CMIP,standard,0.0,7305.0,all-forcing simulation of the recent past,historical,mon,native ocean ORCA2 tripolar primarily 2deg grid,gn,IPSL,250 km,CMIP,piControl,IPSL-CM5A2-INCA,days since 1850-01-01 00:00:00,r1i1p1f1,model-output,ocnBgchem,IPSL-CM5A2-INCA,AOGCM BGC AER CHEM,none,none,Omon,zo2min,r1i1p1f1,r1i1p1f1,depth_at_shallowest_local_minimum_in_vertical_profile_of_mole_concentration_of_dissolved_molecular_oxygen_in_sea_water,Depth of Oxygen Minimum Concentration,m,1,,1850-01-16 12:00:00,2014-12-16 12:00:00,1850-01-16 12:00:00-2014-12-16 12:00:00,/uda/cmip6/CMIP/IPSL/IPSL-CM5A2-INCA/historical/r1i1p1f1/Omon/zo2min/gn/v20200729/zo2min_Omon_IPSL-CM5A2-INCA_historical_r1i1p1f1_gn_185001-201412.nc,v20200729
CMIP,standard,0.0,7305.0,all-forcing simulation of the recent past,historical,mon,native ocean ORCA2 tripolar primarily 2deg grid,gn,IPSL,250 km,CMIP,piControl,IPSL-CM5A2-INCA,days since 1850-01-01 00:00:00,r1i1p1f1,model-output,seaIce,IPSL-CM5A2-INCA,AOGCM BGC AER CHEM,none,none,SImon,siconc,r1i1p1f1,r1i1p1f1,sea_ice_area_fraction,Sea Ice Area Fraction (Ocean Grid),%,1,,1850-01-16 12:00:00,2014-12-16 12:00:00,1850-01-16 12:00:00-2014-12-16 12:00:00,/uda/cmip6/CMIP/IPSL/IPSL-CM5A2-INCA/historical/r1i1p1f1/SImon/siconc/gn/v20200729/siconc_SImon_IPSL-CM5A2-INCA_historical_r1i1p1f1_gn_185001-201412.nc,v20200729
CMIP,standard,0.0,7305.0,all-forcing simulation of the recent past,historical,day,LMDZ grid,gr,IPSL,500 km,CMIP,piControl,IPSL-CM5A2-INCA,days since 1850-01-01 00:00:00,r1i1p1f1,model-output,atmos,IPSL-CM5A2-INCA,AOGCM BGC AER CHEM,none,none,day,hurs,r1i1p1f1,r1i1p1f1,relative_humidity,Near-Surface Relative Humidity,%,1,,1850-01-01 12:00:00,2014-12-31 12:00:00,1850-01-01 12:00:00-2014-12-31 12:00:00,/uda/cmip6/CMIP/IPSL/IPSL-CM5A2-INCA/historical/r1i1p1f1/day/hurs/gr/v20200729/hurs_day_IPSL-CM5A2-INCA_historical_r1i1p1f1_gr_18500101-20141231.nc,v20200729
CMIP,standard,0.0,7305.0,all-forcing simulation of the recent past,historical,day,LMDZ grid,gr,IPSL,500 km,CMIP,piControl,IPSL-CM5A2-INCA,days since 1850-01-01 00:00:00,r1i1p1f1,model-output,atmos,IPSL-CM5A2-INCA,AOGCM BGC AER CHEM,none,none,day,rlut,r1i1p1f1,r1i1p1f1,toa_outgoing_longwave_flux,TOA Outgoing Longwave Radiation,W m-2,1,,1850-01-01 12:00:00,2014-12-31 12:00:00,1850-01-01 12:00:00-2014-12-31 12:00:00,/uda/cmip6/CMIP/IPSL/IPSL-CM5A2-INCA/historical/r1i1p1f1/day/rlut/gr/v20200729/rlut_day_IPSL-CM5A2-INCA_historical_r1i1p1f1_gr_18500101-20141231.nc,v20200729
CMIP,standard,0.0,7305.0,all-forcing simulation of the recent past,historical,day,LMDZ grid,gr,IPSL,500 km,CMIP,piControl,IPSL-CM5A2-INCA,days since 1850-01-01 00:00:00,r1i1p1f1,model-output,atmos,IPSL-CM5A2-INCA,AOGCM BGC AER CHEM,none,none,day,sfcWind,r1i1p1f1,r1i1p1f1,wind_speed,Daily-Mean Near-Surface Wind Speed,m s-1,1,,1850-01-01 12:00:00,2014-12-31 12:00:00,1850-01-01 12:00:00-2014-12-31 12:00:00,/uda/cmip6/CMIP/IPSL/IPSL-CM5A2-INCA/historical/r1i1p1f1/day/sfcWind/gr/v20200729/sfcWind_day_IPSL-CM5A2-INCA_historical_r1i1p1f1_gr_18500101-20141231.nc,v20200729
CMIP,standard,0.0,7305.0,all-forcing simulation of the recent past,historical,day,LMDZ grid,gr,IPSL,500 km,CMIP,piControl,IPSL-CM5A2-INCA,days since 1850-01-01 00:00:00,r1i1p1f1,model-output,atmos,IPSL-CM5A2-INCA,AOGCM BGC AER CHEM,none,none,day,tas,r1i1p1f1,r1i1p1f1,air_temperature,Near-Surface Air Temperature,K,1,,1850-01-01 12:00:00,2014-12-31 12:00:00,1850-01-01 12:00:00-2014-12-31 12:00:00,/uda/cmip6/CMIP/IPSL/IPSL-CM5A2-INCA/historical/r1i1p1f1/day/tas/gr/v20200729/tas_day_IPSL-CM5A2-INCA_historical_r1i1p1f1_gr_18500101-20141231.nc,v20200729
