activity_id,institution_id,member_id,realm,variable_id,table_id,source_id,source_type,experiment_id,variant_label,grid_label,time_range,chunk_freq,frequency,variable,assoc_files,file_name,path
gfdl.ncrc4-intel16-prod-openmp,GFDL,DECK,atmos,hght,,gfdl.ncrc4-intel16-prod-openmp,ESM4,ESM4_historical_D1,,,201001-201412,5yr,mon,hght,,atmos.201001-201412.hght,/archive/oar.gfdl.cmip6/ESM4/DECK/ESM4_historical_D1/gfdl.ncrc4-intel16-prod-openmp/pp/atmos/ts/monthly/5yr/DO_NOT_USE/atmos.201001-201412.hght.nc
gfdl.ncrc4-intel16-prod-openmp,GFDL,DECK,atmos,omega,,gfdl.ncrc4-intel16-prod-openmp,ESM4,ESM4_historical_D1,,,201001-201412,5yr,mon,omega,,atmos.201001-201412.omega,/archive/oar.gfdl.cmip6/ESM4/DECK/ESM4_historical_D1/gfdl.ncrc4-intel16-prod-openmp/pp/atmos/ts/monthly/5yr/DO_NOT_USE/atmos.201001-201412.omega.nc
gfdl.ncrc4-intel16-prod-openmp,GFDL,DECK,atmos,slp,,gfdl.ncrc4-intel16-prod-openmp,ESM4,ESM4_historical_D1,,,201001-201412,5yr,mon,slp,,atmos.201001-201412.slp,/archive/oar.gfdl.cmip6/ESM4/DECK/ESM4_historical_D1/gfdl.ncrc4-intel16-prod-openmp/pp/atmos/ts/monthly/5yr/DO_NOT_USE/atmos.201001-201412.slp.nc
gfdl.ncrc4-intel16-prod-openmp,GFDL,DECK,atmos,t_ref,,gfdl.ncrc4-intel16-prod-openmp,ESM4,ESM4_historical_D1,,,201001-201412,5yr,mon,t_ref,,atmos.201001-201412.t_ref,/archive/oar.gfdl.cmip6/ESM4/DECK/ESM4_historical_D1/gfdl.ncrc4-intel16-prod-openmp/pp/atmos/ts/monthly/5yr/DO_NOT_USE/atmos.201001-201412.t_ref.nc
gfdl.ncrc4-intel16-prod-openmp,GFDL,DECK,atmos,t_surf,,gfdl.ncrc4-intel16-prod-openmp,ESM4,ESM4_historical_D1,,,201001-201412,5yr,mon,t_surf,,atmos.201001-201412.t_surf,/archive/oar.gfdl.cmip6/ESM4/DECK/ESM4_historical_D1/gfdl.ncrc4-intel16-prod-openmp/pp/atmos/ts/monthly/5yr/DO_NOT_USE/atmos.201001-201412.t_surf.nc
gfdl.ncrc4-intel16-prod-openmp,GFDL,DECK,atmos,temp,,gfdl.ncrc4-intel16-prod-openmp,ESM4,ESM4_historical_D1,,,201001-201412,5yr,mon,temp,,atmos.201001-201412.temp,/archive/oar.gfdl.cmip6/ESM4/DECK/ESM4_historical_D1/gfdl.ncrc4-intel16-prod-openmp/pp/atmos/ts/monthly/5yr/DO_NOT_USE/atmos.201001-201412.temp.nc
gfdl.ncrc4-intel16-prod-openmp,GFDL,DECK,atmos,ucomp,,gfdl.ncrc4-intel16-prod-openmp,ESM4,ESM4_historical_D1,,,201001-201412,5yr,mon,ucomp,,atmos.201001-201412.ucomp,/archive/oar.gfdl.cmip6/ESM4/DECK/ESM4_historical_D1/gfdl.ncrc4-intel16-prod-openmp/pp/atmos/ts/monthly/5yr/DO_NOT_USE/atmos.201001-201412.ucomp.nc
gfdl.ncrc4-intel16-prod-openmp,GFDL,DECK,atmos,vcomp,,gfdl.ncrc4-intel16-prod-openmp,ESM4,ESM4_historical_D1,,,201001-201412,5yr,mon,vcomp,,atmos.201001-201412.vcomp,/archive/oar.gfdl.cmip6/ESM4/DECK/ESM4_historical_D1/gfdl.ncrc4-intel16-prod-openmp/pp/atmos/ts/monthly/5yr/DO_NOT_USE/atmos.201001-201412.vcomp.nc
gfdl.ncrc4-intel16-prod-openmp,GFDL,DECK,atmos,hght,,gfdl.ncrc4-intel16-prod-openmp,ESM4,ESM4_historical_D1,,,185001-185412,5yr,mon,hght,,atmos.185001-185412.hght,/archive/oar.gfdl.cmip6/ESM4/DECK/ESM4_historical_D1/gfdl.ncrc4-intel16-prod-openmp/pp/atmos/ts/monthly/5yr/atmos.185001-185412.hght.nc
gfdl.ncrc4-intel16-prod-openmp,GFDL,DECK,atmos,omega,,gfdl.ncrc4-intel16-prod-openmp,ESM4,ESM4_historical_D1,,,185001-185412,5yr,mon,omega,,atmos.185001-185412.omega,/archive/oar.gfdl.cmip6/ESM4/DECK/ESM4_historical_D1/gfdl.ncrc4-intel16-prod-openmp/pp/atmos/ts/monthly/5yr/atmos.185001-185412.omega.nc
gfdl.ncrc4-intel16-prod-openmp,GFDL,DECK,atmos,slp,,gfdl.ncrc4-intel16-prod-openmp,ESM4,ESM4_historical_D1,,,185001-185412,5yr,mon,slp,,atmos.185001-185412.slp,/archive/oar.gfdl.cmip6/ESM4/DECK/ESM4_historical_D1/gfdl.ncrc4-intel16-prod-openmp/pp/atmos/ts/monthly/5yr/atmos.185001-185412.slp.nc
gfdl.ncrc4-intel16-prod-openmp,GFDL,DECK,atmos,t_ref,,gfdl.ncrc4-intel16-prod-openmp,ESM4,ESM4_historical_D1,,,185001-185412,5yr,mon,t_ref,,atmos.185001-185412.t_ref,/archive/oar.gfdl.cmip6/ESM4/DECK/ESM4_historical_D1/gfdl.ncrc4-intel16-prod-openmp/pp/atmos/ts/monthly/5yr/atmos.185001-185412.t_ref.nc
gfdl.ncrc4-intel16-prod-openmp,GFDL,DECK,atmos,t_surf,,gfdl.ncrc4-intel16-prod-openmp,ESM4,ESM4_historical_D1,,,185001-185412,5yr,mon,t_surf,,atmos.185001-185412.t_surf,/archive/oar.gfdl.cmip6/ESM4/DECK/ESM4_historical_D1/gfdl.ncrc4-intel16-prod-openmp/pp/atmos/ts/monthly/5yr/atmos.185001-185412.t_surf.nc
gfdl.ncrc4-intel16-prod-openmp,GFDL,DECK,atmos,temp,,gfdl.ncrc4-intel16-prod-openmp,ESM4,ESM4_historical_D1,,,185001-185412,5yr,mon,temp,,atmos.185001-185412.temp,/archive/oar.gfdl.cmip6/ESM4/DECK/ESM4_historical_D1/gfdl.ncrc4-intel16-prod-openmp/pp/atmos/ts/monthly/5yr/atmos.185001-185412.temp.nc
gfdl.ncrc4-intel16-prod-openmp,GFDL,DECK,atmos,ucomp,,gfdl.ncrc4-intel16-prod-openmp,ESM4,ESM4_historical_D1,,,185001-185412,5yr,mon,ucomp,,atmos.185001-185412.ucomp,/archive/oar.gfdl.cmip6/ESM4/DECK/ESM4_historical_D1/gfdl.ncrc4-intel16-prod-openmp/pp/atmos/ts/monthly/5yr/atmos.185001-185412.ucomp.nc
gfdl.ncrc4-intel16-prod-openmp,GFDL,DECK,atmos,vcomp,,gfdl.ncrc4-intel16-prod-openmp,ESM4,ESM4_historical_D1,,,185001-185412,5yr,mon,vcomp,,atmos.185001-185412.vcomp,/archive/oar.gfdl.cmip6/ESM4/DECK/ESM4_historical_D1/gfdl.ncrc4-intel16-prod-openmp/pp/atmos/ts/monthly/5yr/atmos.185001-185412.vcomp.nc
gfdl.ncrc4-intel16-prod-openmp,GFDL,DECK,atmos,hght,,gfdl.ncrc4-intel16-prod-openmp,ESM4,ESM4_historical_D1,,,185501-185912,5yr,mon,hght,,atmos.185501-185912.hght,/archive/oar.gfdl.cmip6/ESM4/DECK/ESM4_historical_D1/gfdl.ncrc4-intel16-prod-openmp/pp/atmos/ts/monthly/5yr/atmos.185501-185912.hght.nc
gfdl.ncrc4-intel16-prod-openmp,GFDL,DECK,atmos,omega,,gfdl.ncrc4-intel16-prod-openmp,ESM4,ESM4_historical_D1,,,185501-185912,5yr,mon,omega,,atmos.185501-185912.omega,/archive/oar.gfdl.cmip6/ESM4/DECK/ESM4_historical_D1/gfdl.ncrc4-intel16-prod-openmp/pp/atmos/ts/monthly/5yr/atmos.185501-185912.omega.nc
gfdl.ncrc4-intel16-prod-openmp,GFDL,DECK,atmos,slp,,gfdl.ncrc4-intel16-prod-openmp,ESM4,ESM4_historical_D1,,,185501-185912,5yr,mon,slp,,atmos.185501-185912.slp,/archive/oar.gfdl.cmip6/ESM4/DECK/ESM4_historical_D1/gfdl.ncrc4-intel16-prod-openmp/pp/atmos/ts/monthly/5yr/atmos.185501-185912.slp.nc
gfdl.ncrc4-intel16-prod-openmp,GFDL,DECK,atmos,t_ref,,gfdl.ncrc4-intel16-prod-openmp,ESM4,ESM4_historical_D1,,,185501-185912,5yr,mon,t_ref,,atmos.185501-185912.t_ref,/archive/oar.gfdl.cmip6/ESM4/DECK/ESM4_historical_D1/gfdl.ncrc4-intel16-prod-openmp/pp/atmos/ts/monthly/5yr/atmos.185501-185912.t_ref.nc
gfdl.ncrc4-intel16-prod-openmp,GFDL,DECK,atmos,t_surf,,gfdl.ncrc4-intel16-prod-openmp,ESM4,ESM4_historical_D1,,,185501-185912,5yr,mon,t_surf,,atmos.185501-185912.t_surf,/archive/oar.gfdl.cmip6/ESM4/DECK/ESM4_historical_D1/gfdl.ncrc4-intel16-prod-openmp/pp/atmos/ts/monthly/5yr/atmos.185501-185912.t_surf.nc
gfdl.ncrc4-intel16-prod-openmp,GFDL,DECK,atmos,temp,,gfdl.ncrc4-intel16-prod-openmp,ESM4,ESM4_historical_D1,,,185501-185912,5yr,mon,temp,,atmos.185501-185912.temp,/archive/oar.gfdl.cmip6/ESM4/DECK/ESM4_historical_D1/gfdl.ncrc4-intel16-prod-openmp/pp/atmos/ts/monthly/5yr/atmos.185501-185912.temp.nc
gfdl.ncrc4-intel16-prod-openmp,GFDL,DECK,atmos,ucomp,,gfdl.ncrc4-intel16-prod-openmp,ESM4,ESM4_historical_D1,,,185501-185912,5yr,mon,ucomp,,atmos.185501-185912.ucomp,/archive/oar.gfdl.cmip6/ESM4/DECK/ESM4_historical_D1/gfdl.ncrc4-intel16-prod-openmp/pp/atmos/ts/monthly/5yr/atmos.185501-185912.ucomp.nc
gfdl.ncrc4-intel16-prod-openmp,GFDL,DECK,atmos,vcomp,,gfdl.ncrc4-intel16-prod-openmp,ESM4,ESM4_historical_D1,,,185501-185912,5yr,mon,vcomp,,atmos.185501-185912.vcomp,/archive/oar.gfdl.cmip6/ESM4/DECK/ESM4_historical_D1/gfdl.ncrc4-intel16-prod-openmp/pp/atmos/ts/monthly/5yr/atmos.185501-185912.vcomp.nc
gfdl.ncrc4-intel16-prod-openmp,GFDL,DECK,atmos,hght,,gfdl.ncrc4-intel16-prod-openmp,ESM4,ESM4_historical_D1,,,186001-186412,5yr,mon,hght,,atmos.186001-186412.hght,/archive/oar.gfdl.cmip6/ESM4/DECK/ESM4_historical_D1/gfdl.ncrc4-intel16-prod-openmp/pp/atmos/ts/monthly/5yr/atmos.186001-186412.hght.nc
gfdl.ncrc4-intel16-prod-openmp,GFDL,DECK,atmos,omega,,gfdl.ncrc4-intel16-prod-openmp,ESM4,ESM4_historical_D1,,,186001-186412,5yr,mon,omega,,atmos.186001-186412.omega,/archive/oar.gfdl.cmip6/ESM4/DECK/ESM4_historical_D1/gfdl.ncrc4-intel16-prod-openmp/pp/atmos/ts/monthly/5yr/atmos.186001-186412.omega.nc
gfdl.ncrc4-intel16-prod-openmp,GFDL,DECK,atmos,slp,,gfdl.ncrc4-intel16-prod-openmp,ESM4,ESM4_historical_D1,,,186001-186412,5yr,mon,slp,,atmos.186001-186412.slp,/archive/oar.gfdl.cmip6/ESM4/DECK/ESM4_historical_D1/gfdl.ncrc4-intel16-prod-openmp/pp/atmos/ts/monthly/5yr/atmos.186001-186412.slp.nc
gfdl.ncrc4-intel16-prod-openmp,GFDL,DECK,atmos,t_ref,,gfdl.ncrc4-intel16-prod-openmp,ESM4,ESM4_historical_D1,,,186001-186412,5yr,mon,t_ref,,atmos.186001-186412.t_ref,/archive/oar.gfdl.cmip6/ESM4/DECK/ESM4_historical_D1/gfdl.ncrc4-intel16-prod-openmp/pp/atmos/ts/monthly/5yr/atmos.186001-186412.t_ref.nc
gfdl.ncrc4-intel16-prod-openmp,GFDL,DECK,atmos,t_surf,,gfdl.ncrc4-intel16-prod-openmp,ESM4,ESM4_historical_D1,,,186001-186412,5yr,mon,t_surf,,atmos.186001-186412.t_surf,/archive/oar.gfdl.cmip6/ESM4/DECK/ESM4_historical_D1/gfdl.ncrc4-intel16-prod-openmp/pp/atmos/ts/monthly/5yr/atmos.186001-186412.t_surf.nc
gfdl.ncrc4-intel16-prod-openmp,GFDL,DECK,atmos,temp,,gfdl.ncrc4-intel16-prod-openmp,ESM4,ESM4_historical_D1,,,186001-186412,5yr,mon,temp,,atmos.186001-186412.temp,/archive/oar.gfdl.cmip6/ESM4/DECK/ESM4_historical_D1/gfdl.ncrc4-intel16-prod-openmp/pp/atmos/ts/monthly/5yr/atmos.186001-186412.temp.nc
gfdl.ncrc4-intel16-prod-openmp,GFDL,DECK,atmos,ucomp,,gfdl.ncrc4-intel16-prod-openmp,ESM4,ESM4_historical_D1,,,186001-186412,5yr,mon,ucomp,,atmos.186001-186412.ucomp,/archive/oar.gfdl.cmip6/ESM4/DECK/ESM4_historical_D1/gfdl.ncrc4-intel16-prod-openmp/pp/atmos/ts/monthly/5yr/atmos.186001-186412.ucomp.nc
gfdl.ncrc4-intel16-prod-openmp,GFDL,DECK,atmos,vcomp,,gfdl.ncrc4-intel16-prod-openmp,ESM4,ESM4_historical_D1,,,186001-186412,5yr,mon,vcomp,,atmos.186001-186412.vcomp,/archive/oar.gfdl.cmip6/ESM4/DECK/ESM4_historical_D1/gfdl.ncrc4-intel16-prod-openmp/pp/atmos/ts/monthly/5yr/atmos.186001-186412.vcomp.nc
gfdl.ncrc4-intel16-prod-openmp,GFDL,DECK,atmos,hght,,gfdl.ncrc4-intel16-prod-openmp,ESM4,ESM4_historical_D1,,,186501-186912,5yr,mon,hght,,atmos.186501-186912.hght,/archive/oar.gfdl.cmip6/ESM4/DECK/ESM4_historical_D1/gfdl.ncrc4-intel16-prod-openmp/pp/atmos/ts/monthly/5yr/atmos.186501-186912.hght.nc
gfdl.ncrc4-intel16-prod-openmp,GFDL,DECK,atmos,omega,,gfdl.ncrc4-intel16-prod-openmp,ESM4,ESM4_historical_D1,,,186501-186912,5yr,mon,omega,,atmos.186501-186912.omega,/archive/oar.gfdl.cmip6/ESM4/DECK/ESM4_historical_D1/gfdl.ncrc4-intel16-prod-openmp/pp/atmos/ts/monthly/5yr/atmos.186501-186912.omega.nc
gfdl.ncrc4-intel16-prod-openmp,GFDL,DECK,atmos,slp,,gfdl.ncrc4-intel16-prod-openmp,ESM4,ESM4_historical_D1,,,186501-186912,5yr,mon,slp,,atmos.186501-186912.slp,/archive/oar.gfdl.cmip6/ESM4/DECK/ESM4_historical_D1/gfdl.ncrc4-intel16-prod-openmp/pp/atmos/ts/monthly/5yr/atmos.186501-186912.slp.nc
gfdl.ncrc4-intel16-prod-openmp,GFDL,DECK,atmos,t_ref,,gfdl.ncrc4-intel16-prod-openmp,ESM4,ESM4_historical_D1,,,186501-186912,5yr,mon,t_ref,,atmos.186501-186912.t_ref,/archive/oar.gfdl.cmip6/ESM4/DECK/ESM4_historical_D1/gfdl.ncrc4-intel16-prod-openmp/pp/atmos/ts/monthly/5yr/atmos.186501-186912.t_ref.nc
gfdl.ncrc4-intel16-prod-openmp,GFDL,DECK,atmos,t_surf,,gfdl.ncrc4-intel16-prod-openmp,ESM4,ESM4_historical_D1,,,186501-186912,5yr,mon,t_surf,,atmos.186501-186912.t_surf,/archive/oar.gfdl.cmip6/ESM4/DECK/ESM4_historical_D1/gfdl.ncrc4-intel16-prod-openmp/pp/atmos/ts/monthly/5yr/atmos.186501-186912.t_surf.nc
gfdl.ncrc4-intel16-prod-openmp,GFDL,DECK,atmos,temp,,gfdl.ncrc4-intel16-prod-openmp,ESM4,ESM4_historical_D1,,,186501-186912,5yr,mon,temp,,atmos.186501-186912.temp,/archive/oar.gfdl.cmip6/ESM4/DECK/ESM4_historical_D1/gfdl.ncrc4-intel16-prod-openmp/pp/atmos/ts/monthly/5yr/atmos.186501-186912.temp.nc
gfdl.ncrc4-intel16-prod-openmp,GFDL,DECK,atmos,ucomp,,gfdl.ncrc4-intel16-prod-openmp,ESM4,ESM4_historical_D1,,,186501-186912,5yr,mon,ucomp,,atmos.186501-186912.ucomp,/archive/oar.gfdl.cmip6/ESM4/DECK/ESM4_historical_D1/gfdl.ncrc4-intel16-prod-openmp/pp/atmos/ts/monthly/5yr/atmos.186501-186912.ucomp.nc
gfdl.ncrc4-intel16-prod-openmp,GFDL,DECK,atmos,vcomp,,gfdl.ncrc4-intel16-prod-openmp,ESM4,ESM4_historical_D1,,,186501-186912,5yr,mon,vcomp,,atmos.186501-186912.vcomp,/archive/oar.gfdl.cmip6/ESM4/DECK/ESM4_historical_D1/gfdl.ncrc4-intel16-prod-openmp/pp/atmos/ts/monthly/5yr/atmos.186501-186912.vcomp.nc
gfdl.ncrc4-intel16-prod-openmp,GFDL,DECK,atmos,hght,,gfdl.ncrc4-intel16-prod-openmp,ESM4,ESM4_historical_D1,,,187001-187412,5yr,mon,hght,,atmos.187001-187412.hght,/archive/oar.gfdl.cmip6/ESM4/DECK/ESM4_historical_D1/gfdl.ncrc4-intel16-prod-openmp/pp/atmos/ts/monthly/5yr/atmos.187001-187412.hght.nc
gfdl.ncrc4-intel16-prod-openmp,GFDL,DECK,atmos,omega,,gfdl.ncrc4-intel16-prod-openmp,ESM4,ESM4_historical_D1,,,187001-187412,5yr,mon,omega,,atmos.187001-187412.omega,/archive/oar.gfdl.cmip6/ESM4/DECK/ESM4_historical_D1/gfdl.ncrc4-intel16-prod-openmp/pp/atmos/ts/monthly/5yr/atmos.187001-187412.omega.nc
gfdl.ncrc4-intel16-prod-openmp,GFDL,DECK,atmos,slp,,gfdl.ncrc4-intel16-prod-openmp,ESM4,ESM4_historical_D1,,,187001-187412,5yr,mon,slp,,atmos.187001-187412.slp,/archive/oar.gfdl.cmip6/ESM4/DECK/ESM4_historical_D1/gfdl.ncrc4-intel16-prod-openmp/pp/atmos/ts/monthly/5yr/atmos.187001-187412.slp.nc
gfdl.ncrc4-intel16-prod-openmp,GFDL,DECK,atmos,t_ref,,gfdl.ncrc4-intel16-prod-openmp,ESM4,ESM4_historical_D1,,,187001-187412,5yr,mon,t_ref,,atmos.187001-187412.t_ref,/archive/oar.gfdl.cmip6/ESM4/DECK/ESM4_historical_D1/gfdl.ncrc4-intel16-prod-openmp/pp/atmos/ts/monthly/5yr/atmos.187001-187412.t_ref.nc
gfdl.ncrc4-intel16-prod-openmp,GFDL,DECK,atmos,t_surf,,gfdl.ncrc4-intel16-prod-openmp,ESM4,ESM4_historical_D1,,,187001-187412,5yr,mon,t_surf,,atmos.187001-187412.t_surf,/archive/oar.gfdl.cmip6/ESM4/DECK/ESM4_historical_D1/gfdl.ncrc4-intel16-prod-openmp/pp/atmos/ts/monthly/5yr/atmos.187001-187412.t_surf.nc
gfdl.ncrc4-intel16-prod-openmp,GFDL,DECK,atmos,temp,,gfdl.ncrc4-intel16-prod-openmp,ESM4,ESM4_historical_D1,,,187001-187412,5yr,mon,temp,,atmos.187001-187412.temp,/archive/oar.gfdl.cmip6/ESM4/DECK/ESM4_historical_D1/gfdl.ncrc4-intel16-prod-openmp/pp/atmos/ts/monthly/5yr/atmos.187001-187412.temp.nc
gfdl.ncrc4-intel16-prod-openmp,GFDL,DECK,atmos,ucomp,,gfdl.ncrc4-intel16-prod-openmp,ESM4,ESM4_historical_D1,,,187001-187412,5yr,mon,ucomp,,atmos.187001-187412.ucomp,/archive/oar.gfdl.cmip6/ESM4/DECK/ESM4_historical_D1/gfdl.ncrc4-intel16-prod-openmp/pp/atmos/ts/monthly/5yr/atmos.187001-187412.ucomp.nc
gfdl.ncrc4-intel16-prod-openmp,GFDL,DECK,atmos,vcomp,,gfdl.ncrc4-intel16-prod-openmp,ESM4,ESM4_historical_D1,,,187001-187412,5yr,mon,vcomp,,atmos.187001-187412.vcomp,/archive/oar.gfdl.cmip6/ESM4/DECK/ESM4_historical_D1/gfdl.ncrc4-intel16-prod-openmp/pp/atmos/ts/monthly/5yr/atmos.187001-187412.vcomp.nc
gfdl.ncrc4-intel16-prod-openmp,GFDL,DECK,atmos,hght,,gfdl.ncrc4-intel16-prod-openmp,ESM4,ESM4_historical_D1,,,187501-187912,5yr,mon,hght,,atmos.187501-187912.hght,/archive/oar.gfdl.cmip6/ESM4/DECK/ESM4_historical_D1/gfdl.ncrc4-intel16-prod-openmp/pp/atmos/ts/monthly/5yr/atmos.187501-187912.hght.nc
gfdl.ncrc4-intel16-prod-openmp,GFDL,DECK,atmos,omega,,gfdl.ncrc4-intel16-prod-openmp,ESM4,ESM4_historical_D1,,,187501-187912,5yr,mon,omega,,atmos.187501-187912.omega,/archive/oar.gfdl.cmip6/ESM4/DECK/ESM4_historical_D1/gfdl.ncrc4-intel16-prod-openmp/pp/atmos/ts/monthly/5yr/atmos.187501-187912.omega.nc
gfdl.ncrc4-intel16-prod-openmp,GFDL,DECK,atmos,slp,,gfdl.ncrc4-intel16-prod-openmp,ESM4,ESM4_historical_D1,,,187501-187912,5yr,mon,slp,,atmos.187501-187912.slp,/archive/oar.gfdl.cmip6/ESM4/DECK/ESM4_historical_D1/gfdl.ncrc4-intel16-prod-openmp/pp/atmos/ts/monthly/5yr/atmos.187501-187912.slp.nc
gfdl.ncrc4-intel16-prod-openmp,GFDL,DECK,atmos,t_ref,,gfdl.ncrc4-intel16-prod-openmp,ESM4,ESM4_historical_D1,,,187501-187912,5yr,mon,t_ref,,atmos.187501-187912.t_ref,/archive/oar.gfdl.cmip6/ESM4/DECK/ESM4_historical_D1/gfdl.ncrc4-intel16-prod-openmp/pp/atmos/ts/monthly/5yr/atmos.187501-187912.t_ref.nc
gfdl.ncrc4-intel16-prod-openmp,GFDL,DECK,atmos,t_surf,,gfdl.ncrc4-intel16-prod-openmp,ESM4,ESM4_historical_D1,,,187501-187912,5yr,mon,t_surf,,atmos.187501-187912.t_surf,/archive/oar.gfdl.cmip6/ESM4/DECK/ESM4_historical_D1/gfdl.ncrc4-intel16-prod-openmp/pp/atmos/ts/monthly/5yr/atmos.187501-187912.t_surf.nc
gfdl.ncrc4-intel16-prod-openmp,GFDL,DECK,atmos,temp,,gfdl.ncrc4-intel16-prod-openmp,ESM4,ESM4_historical_D1,,,187501-187912,5yr,mon,temp,,atmos.187501-187912.temp,/archive/oar.gfdl.cmip6/ESM4/DECK/ESM4_historical_D1/gfdl.ncrc4-intel16-prod-openmp/pp/atmos/ts/monthly/5yr/atmos.187501-187912.temp.nc
gfdl.ncrc4-intel16-prod-openmp,GFDL,DECK,atmos,ucomp,,gfdl.ncrc4-intel16-prod-openmp,ESM4,ESM4_historical_D1,,,187501-187912,5yr,mon,ucomp,,atmos.187501-187912.ucomp,/archive/oar.gfdl.cmip6/ESM4/DECK/ESM4_historical_D1/gfdl.ncrc4-intel16-prod-openmp/pp/atmos/ts/monthly/5yr/atmos.187501-187912.ucomp.nc
gfdl.ncrc4-intel16-prod-openmp,GFDL,DECK,atmos,vcomp,,gfdl.ncrc4-intel16-prod-openmp,ESM4,ESM4_historical_D1,,,187501-187912,5yr,mon,vcomp,,atmos.187501-187912.vcomp,/archive/oar.gfdl.cmip6/ESM4/DECK/ESM4_historical_D1/gfdl.ncrc4-intel16-prod-openmp/pp/atmos/ts/monthly/5yr/atmos.187501-187912.vcomp.nc
gfdl.ncrc4-intel16-prod-openmp,GFDL,DECK,atmos,hght,,gfdl.ncrc4-intel16-prod-openmp,ESM4,ESM4_historical_D1,,,188001-188412,5yr,mon,hght,,atmos.188001-188412.hght,/archive/oar.gfdl.cmip6/ESM4/DECK/ESM4_historical_D1/gfdl.ncrc4-intel16-prod-openmp/pp/atmos/ts/monthly/5yr/atmos.188001-188412.hght.nc
gfdl.ncrc4-intel16-prod-openmp,GFDL,DECK,atmos,omega,,gfdl.ncrc4-intel16-prod-openmp,ESM4,ESM4_historical_D1,,,188001-188412,5yr,mon,omega,,atmos.188001-188412.omega,/archive/oar.gfdl.cmip6/ESM4/DECK/ESM4_historical_D1/gfdl.ncrc4-intel16-prod-openmp/pp/atmos/ts/monthly/5yr/atmos.188001-188412.omega.nc
gfdl.ncrc4-intel16-prod-openmp,GFDL,DECK,atmos,slp,,gfdl.ncrc4-intel16-prod-openmp,ESM4,ESM4_historical_D1,,,188001-188412,5yr,mon,slp,,atmos.188001-188412.slp,/archive/oar.gfdl.cmip6/ESM4/DECK/ESM4_historical_D1/gfdl.ncrc4-intel16-prod-openmp/pp/atmos/ts/monthly/5yr/atmos.188001-188412.slp.nc
gfdl.ncrc4-intel16-prod-openmp,GFDL,DECK,atmos,t_ref,,gfdl.ncrc4-intel16-prod-openmp,ESM4,ESM4_historical_D1,,,188001-188412,5yr,mon,t_ref,,atmos.188001-188412.t_ref,/archive/oar.gfdl.cmip6/ESM4/DECK/ESM4_historical_D1/gfdl.ncrc4-intel16-prod-openmp/pp/atmos/ts/monthly/5yr/atmos.188001-188412.t_ref.nc
gfdl.ncrc4-intel16-prod-openmp,GFDL,DECK,atmos,t_surf,,gfdl.ncrc4-intel16-prod-openmp,ESM4,ESM4_historical_D1,,,188001-188412,5yr,mon,t_surf,,atmos.188001-188412.t_surf,/archive/oar.gfdl.cmip6/ESM4/DECK/ESM4_historical_D1/gfdl.ncrc4-intel16-prod-openmp/pp/atmos/ts/monthly/5yr/atmos.188001-188412.t_surf.nc
gfdl.ncrc4-intel16-prod-openmp,GFDL,DECK,atmos,temp,,gfdl.ncrc4-intel16-prod-openmp,ESM4,ESM4_historical_D1,,,188001-188412,5yr,mon,temp,,atmos.188001-188412.temp,/archive/oar.gfdl.cmip6/ESM4/DECK/ESM4_historical_D1/gfdl.ncrc4-intel16-prod-openmp/pp/atmos/ts/monthly/5yr/atmos.188001-188412.temp.nc
gfdl.ncrc4-intel16-prod-openmp,GFDL,DECK,atmos,ucomp,,gfdl.ncrc4-intel16-prod-openmp,ESM4,ESM4_historical_D1,,,188001-188412,5yr,mon,ucomp,,atmos.188001-188412.ucomp,/archive/oar.gfdl.cmip6/ESM4/DECK/ESM4_historical_D1/gfdl.ncrc4-intel16-prod-openmp/pp/atmos/ts/monthly/5yr/atmos.188001-188412.ucomp.nc
gfdl.ncrc4-intel16-prod-openmp,GFDL,DECK,atmos,vcomp,,gfdl.ncrc4-intel16-prod-openmp,ESM4,ESM4_historical_D1,,,188001-188412,5yr,mon,vcomp,,atmos.188001-188412.vcomp,/archive/oar.gfdl.cmip6/ESM4/DECK/ESM4_historical_D1/gfdl.ncrc4-intel16-prod-openmp/pp/atmos/ts/monthly/5yr/atmos.188001-188412.vcomp.nc
gfdl.ncrc4-intel16-prod-openmp,GFDL,DECK,atmos,hght,,gfdl.ncrc4-intel16-prod-openmp,ESM4,ESM4_historical_D1,,,188501-188912,5yr,mon,hght,,atmos.188501-188912.hght,/archive/oar.gfdl.cmip6/ESM4/DECK/ESM4_historical_D1/gfdl.ncrc4-intel16-prod-openmp/pp/atmos/ts/monthly/5yr/atmos.188501-188912.hght.nc
gfdl.ncrc4-intel16-prod-openmp,GFDL,DECK,atmos,omega,,gfdl.ncrc4-intel16-prod-openmp,ESM4,ESM4_historical_D1,,,188501-188912,5yr,mon,omega,,atmos.188501-188912.omega,/archive/oar.gfdl.cmip6/ESM4/DECK/ESM4_historical_D1/gfdl.ncrc4-intel16-prod-openmp/pp/atmos/ts/monthly/5yr/atmos.188501-188912.omega.nc
gfdl.ncrc4-intel16-prod-openmp,GFDL,DECK,atmos,slp,,gfdl.ncrc4-intel16-prod-openmp,ESM4,ESM4_historical_D1,,,188501-188912,5yr,mon,slp,,atmos.188501-188912.slp,/archive/oar.gfdl.cmip6/ESM4/DECK/ESM4_historical_D1/gfdl.ncrc4-intel16-prod-openmp/pp/atmos/ts/monthly/5yr/atmos.188501-188912.slp.nc
gfdl.ncrc4-intel16-prod-openmp,GFDL,DECK,atmos,t_ref,,gfdl.ncrc4-intel16-prod-openmp,ESM4,ESM4_historical_D1,,,188501-188912,5yr,mon,t_ref,,atmos.188501-188912.t_ref,/archive/oar.gfdl.cmip6/ESM4/DECK/ESM4_historical_D1/gfdl.ncrc4-intel16-prod-openmp/pp/atmos/ts/monthly/5yr/atmos.188501-188912.t_ref.nc
gfdl.ncrc4-intel16-prod-openmp,GFDL,DECK,atmos,t_surf,,gfdl.ncrc4-intel16-prod-openmp,ESM4,ESM4_historical_D1,,,188501-188912,5yr,mon,t_surf,,atmos.188501-188912.t_surf,/archive/oar.gfdl.cmip6/ESM4/DECK/ESM4_historical_D1/gfdl.ncrc4-intel16-prod-openmp/pp/atmos/ts/monthly/5yr/atmos.188501-188912.t_surf.nc
gfdl.ncrc4-intel16-prod-openmp,GFDL,DECK,atmos,temp,,gfdl.ncrc4-intel16-prod-openmp,ESM4,ESM4_historical_D1,,,188501-188912,5yr,mon,temp,,atmos.188501-188912.temp,/archive/oar.gfdl.cmip6/ESM4/DECK/ESM4_historical_D1/gfdl.ncrc4-intel16-prod-openmp/pp/atmos/ts/monthly/5yr/atmos.188501-188912.temp.nc
gfdl.ncrc4-intel16-prod-openmp,GFDL,DECK,atmos,ucomp,,gfdl.ncrc4-intel16-prod-openmp,ESM4,ESM4_historical_D1,,,188501-188912,5yr,mon,ucomp,,atmos.188501-188912.ucomp,/archive/oar.gfdl.cmip6/ESM4/DECK/ESM4_historical_D1/gfdl.ncrc4-intel16-prod-openmp/pp/atmos/ts/monthly/5yr/atmos.188501-188912.ucomp.nc
gfdl.ncrc4-intel16-prod-openmp,GFDL,DECK,atmos,vcomp,,gfdl.ncrc4-intel16-prod-openmp,ESM4,ESM4_historical_D1,,,188501-188912,5yr,mon,vcomp,,atmos.188501-188912.vcomp,/archive/oar.gfdl.cmip6/ESM4/DECK/ESM4_historical_D1/gfdl.ncrc4-intel16-prod-openmp/pp/atmos/ts/monthly/5yr/atmos.188501-188912.vcomp.nc
gfdl.ncrc4-intel16-prod-openmp,GFDL,DECK,atmos,hght,,gfdl.ncrc4-intel16-prod-openmp,ESM4,ESM4_historical_D1,,,189001-189412,5yr,mon,hght,,atmos.189001-189412.hght,/archive/oar.gfdl.cmip6/ESM4/DECK/ESM4_historical_D1/gfdl.ncrc4-intel16-prod-openmp/pp/atmos/ts/monthly/5yr/atmos.189001-189412.hght.nc
gfdl.ncrc4-intel16-prod-openmp,GFDL,DECK,atmos,omega,,gfdl.ncrc4-intel16-prod-openmp,ESM4,ESM4_historical_D1,,,189001-189412,5yr,mon,omega,,atmos.189001-189412.omega,/archive/oar.gfdl.cmip6/ESM4/DECK/ESM4_historical_D1/gfdl.ncrc4-intel16-prod-openmp/pp/atmos/ts/monthly/5yr/atmos.189001-189412.omega.nc
gfdl.ncrc4-intel16-prod-openmp,GFDL,DECK,atmos,slp,,gfdl.ncrc4-intel16-prod-openmp,ESM4,ESM4_historical_D1,,,189001-189412,5yr,mon,slp,,atmos.189001-189412.slp,/archive/oar.gfdl.cmip6/ESM4/DECK/ESM4_historical_D1/gfdl.ncrc4-intel16-prod-openmp/pp/atmos/ts/monthly/5yr/atmos.189001-189412.slp.nc
gfdl.ncrc4-intel16-prod-openmp,GFDL,DECK,atmos,t_ref,,gfdl.ncrc4-intel16-prod-openmp,ESM4,ESM4_historical_D1,,,189001-189412,5yr,mon,t_ref,,atmos.189001-189412.t_ref,/archive/oar.gfdl.cmip6/ESM4/DECK/ESM4_historical_D1/gfdl.ncrc4-intel16-prod-openmp/pp/atmos/ts/monthly/5yr/atmos.189001-189412.t_ref.nc
gfdl.ncrc4-intel16-prod-openmp,GFDL,DECK,atmos,t_surf,,gfdl.ncrc4-intel16-prod-openmp,ESM4,ESM4_historical_D1,,,189001-189412,5yr,mon,t_surf,,atmos.189001-189412.t_surf,/archive/oar.gfdl.cmip6/ESM4/DECK/ESM4_historical_D1/gfdl.ncrc4-intel16-prod-openmp/pp/atmos/ts/monthly/5yr/atmos.189001-189412.t_surf.nc
gfdl.ncrc4-intel16-prod-openmp,GFDL,DECK,atmos,temp,,gfdl.ncrc4-intel16-prod-openmp,ESM4,ESM4_historical_D1,,,189001-189412,5yr,mon,temp,,atmos.189001-189412.temp,/archive/oar.gfdl.cmip6/ESM4/DECK/ESM4_historical_D1/gfdl.ncrc4-intel16-prod-openmp/pp/atmos/ts/monthly/5yr/atmos.189001-189412.temp.nc
gfdl.ncrc4-intel16-prod-openmp,GFDL,DECK,atmos,ucomp,,gfdl.ncrc4-intel16-prod-openmp,ESM4,ESM4_historical_D1,,,189001-189412,5yr,mon,ucomp,,atmos.189001-189412.ucomp,/archive/oar.gfdl.cmip6/ESM4/DECK/ESM4_historical_D1/gfdl.ncrc4-intel16-prod-openmp/pp/atmos/ts/monthly/5yr/atmos.189001-189412.ucomp.nc
gfdl.ncrc4-intel16-prod-openmp,GFDL,DECK,atmos,vcomp,,gfdl.ncrc4-intel16-prod-openmp,ESM4,ESM4_historical_D1,,,189001-189412,5yr,mon,vcomp,,atmos.189001-189412.vcomp,/archive/oar.gfdl.cmip6/ESM4/DECK/ESM4_historical_D1/gfdl.ncrc4-intel16-prod-openmp/pp/atmos/ts/monthly/5yr/atmos.189001-189412.vcomp.nc
gfdl.ncrc4-intel16-prod-openmp,GFDL,DECK,atmos,hght,,gfdl.ncrc4-intel16-prod-openmp,ESM4,ESM4_historical_D1,,,189501-189912,5yr,mon,hght,,atmos.189501-189912.hght,/archive/oar.gfdl.cmip6/ESM4/DECK/ESM4_historical_D1/gfdl.ncrc4-intel16-prod-openmp/pp/atmos/ts/monthly/5yr/atmos.189501-189912.hght.nc
gfdl.ncrc4-intel16-prod-openmp,GFDL,DECK,atmos,omega,,gfdl.ncrc4-intel16-prod-openmp,ESM4,ESM4_historical_D1,,,189501-189912,5yr,mon,omega,,atmos.189501-189912.omega,/archive/oar.gfdl.cmip6/ESM4/DECK/ESM4_historical_D1/gfdl.ncrc4-intel16-prod-openmp/pp/atmos/ts/monthly/5yr/atmos.189501-189912.omega.nc
gfdl.ncrc4-intel16-prod-openmp,GFDL,DECK,atmos,slp,,gfdl.ncrc4-intel16-prod-openmp,ESM4,ESM4_historical_D1,,,189501-189912,5yr,mon,slp,,atmos.189501-189912.slp,/archive/oar.gfdl.cmip6/ESM4/DECK/ESM4_historical_D1/gfdl.ncrc4-intel16-prod-openmp/pp/atmos/ts/monthly/5yr/atmos.189501-189912.slp.nc
gfdl.ncrc4-intel16-prod-openmp,GFDL,DECK,atmos,t_ref,,gfdl.ncrc4-intel16-prod-openmp,ESM4,ESM4_historical_D1,,,189501-189912,5yr,mon,t_ref,,atmos.189501-189912.t_ref,/archive/oar.gfdl.cmip6/ESM4/DECK/ESM4_historical_D1/gfdl.ncrc4-intel16-prod-openmp/pp/atmos/ts/monthly/5yr/atmos.189501-189912.t_ref.nc
gfdl.ncrc4-intel16-prod-openmp,GFDL,DECK,atmos,t_surf,,gfdl.ncrc4-intel16-prod-openmp,ESM4,ESM4_historical_D1,,,189501-189912,5yr,mon,t_surf,,atmos.189501-189912.t_surf,/archive/oar.gfdl.cmip6/ESM4/DECK/ESM4_historical_D1/gfdl.ncrc4-intel16-prod-openmp/pp/atmos/ts/monthly/5yr/atmos.189501-189912.t_surf.nc
gfdl.ncrc4-intel16-prod-openmp,GFDL,DECK,atmos,temp,,gfdl.ncrc4-intel16-prod-openmp,ESM4,ESM4_historical_D1,,,189501-189912,5yr,mon,temp,,atmos.189501-189912.temp,/archive/oar.gfdl.cmip6/ESM4/DECK/ESM4_historical_D1/gfdl.ncrc4-intel16-prod-openmp/pp/atmos/ts/monthly/5yr/atmos.189501-189912.temp.nc
gfdl.ncrc4-intel16-prod-openmp,GFDL,DECK,atmos,ucomp,,gfdl.ncrc4-intel16-prod-openmp,ESM4,ESM4_historical_D1,,,189501-189912,5yr,mon,ucomp,,atmos.189501-189912.ucomp,/archive/oar.gfdl.cmip6/ESM4/DECK/ESM4_historical_D1/gfdl.ncrc4-intel16-prod-openmp/pp/atmos/ts/monthly/5yr/atmos.189501-189912.ucomp.nc
gfdl.ncrc4-intel16-prod-openmp,GFDL,DECK,atmos,vcomp,,gfdl.ncrc4-intel16-prod-openmp,ESM4,ESM4_historical_D1,,,189501-189912,5yr,mon,vcomp,,atmos.189501-189912.vcomp,/archive/oar.gfdl.cmip6/ESM4/DECK/ESM4_historical_D1/gfdl.ncrc4-intel16-prod-openmp/pp/atmos/ts/monthly/5yr/atmos.189501-189912.vcomp.nc
gfdl.ncrc4-intel16-prod-openmp,GFDL,DECK,atmos,hght,,gfdl.ncrc4-intel16-prod-openmp,ESM4,ESM4_historical_D1,,,190001-190412,5yr,mon,hght,,atmos.190001-190412.hght,/archive/oar.gfdl.cmip6/ESM4/DECK/ESM4_historical_D1/gfdl.ncrc4-intel16-prod-openmp/pp/atmos/ts/monthly/5yr/atmos.190001-190412.hght.nc
gfdl.ncrc4-intel16-prod-openmp,GFDL,DECK,atmos,omega,,gfdl.ncrc4-intel16-prod-openmp,ESM4,ESM4_historical_D1,,,190001-190412,5yr,mon,omega,,atmos.190001-190412.omega,/archive/oar.gfdl.cmip6/ESM4/DECK/ESM4_historical_D1/gfdl.ncrc4-intel16-prod-openmp/pp/atmos/ts/monthly/5yr/atmos.190001-190412.omega.nc
gfdl.ncrc4-intel16-prod-openmp,GFDL,DECK,atmos,slp,,gfdl.ncrc4-intel16-prod-openmp,ESM4,ESM4_historical_D1,,,190001-190412,5yr,mon,slp,,atmos.190001-190412.slp,/archive/oar.gfdl.cmip6/ESM4/DECK/ESM4_historical_D1/gfdl.ncrc4-intel16-prod-openmp/pp/atmos/ts/monthly/5yr/atmos.190001-190412.slp.nc
gfdl.ncrc4-intel16-prod-openmp,GFDL,DECK,atmos,t_ref,,gfdl.ncrc4-intel16-prod-openmp,ESM4,ESM4_historical_D1,,,190001-190412,5yr,mon,t_ref,,atmos.190001-190412.t_ref,/archive/oar.gfdl.cmip6/ESM4/DECK/ESM4_historical_D1/gfdl.ncrc4-intel16-prod-openmp/pp/atmos/ts/monthly/5yr/atmos.190001-190412.t_ref.nc
gfdl.ncrc4-intel16-prod-openmp,GFDL,DECK,atmos,t_surf,,gfdl.ncrc4-intel16-prod-openmp,ESM4,ESM4_historical_D1,,,190001-190412,5yr,mon,t_surf,,atmos.190001-190412.t_surf,/archive/oar.gfdl.cmip6/ESM4/DECK/ESM4_historical_D1/gfdl.ncrc4-intel16-prod-openmp/pp/atmos/ts/monthly/5yr/atmos.190001-190412.t_surf.nc
gfdl.ncrc4-intel16-prod-openmp,GFDL,DECK,atmos,temp,,gfdl.ncrc4-intel16-prod-openmp,ESM4,ESM4_historical_D1,,,190001-190412,5yr,mon,temp,,atmos.190001-190412.temp,/archive/oar.gfdl.cmip6/ESM4/DECK/ESM4_historical_D1/gfdl.ncrc4-intel16-prod-openmp/pp/atmos/ts/monthly/5yr/atmos.190001-190412.temp.nc
gfdl.ncrc4-intel16-prod-openmp,GFDL,DECK,atmos,ucomp,,gfdl.ncrc4-intel16-prod-openmp,ESM4,ESM4_historical_D1,,,190001-190412,5yr,mon,ucomp,,atmos.190001-190412.ucomp,/archive/oar.gfdl.cmip6/ESM4/DECK/ESM4_historical_D1/gfdl.ncrc4-intel16-prod-openmp/pp/atmos/ts/monthly/5yr/atmos.190001-190412.ucomp.nc
gfdl.ncrc4-intel16-prod-openmp,GFDL,DECK,atmos,vcomp,,gfdl.ncrc4-intel16-prod-openmp,ESM4,ESM4_historical_D1,,,190001-190412,5yr,mon,vcomp,,atmos.190001-190412.vcomp,/archive/oar.gfdl.cmip6/ESM4/DECK/ESM4_historical_D1/gfdl.ncrc4-intel16-prod-openmp/pp/atmos/ts/monthly/5yr/atmos.190001-190412.vcomp.nc
gfdl.ncrc4-intel16-prod-openmp,GFDL,DECK,atmos,hght,,gfdl.ncrc4-intel16-prod-openmp,ESM4,ESM4_historical_D1,,,190501-190912,5yr,mon,hght,,atmos.190501-190912.hght,/archive/oar.gfdl.cmip6/ESM4/DECK/ESM4_historical_D1/gfdl.ncrc4-intel16-prod-openmp/pp/atmos/ts/monthly/5yr/atmos.190501-190912.hght.nc
gfdl.ncrc4-intel16-prod-openmp,GFDL,DECK,atmos,omega,,gfdl.ncrc4-intel16-prod-openmp,ESM4,ESM4_historical_D1,,,190501-190912,5yr,mon,omega,,atmos.190501-190912.omega,/archive/oar.gfdl.cmip6/ESM4/DECK/ESM4_historical_D1/gfdl.ncrc4-intel16-prod-openmp/pp/atmos/ts/monthly/5yr/atmos.190501-190912.omega.nc
gfdl.ncrc4-intel16-prod-openmp,GFDL,DECK,atmos,slp,,gfdl.ncrc4-intel16-prod-openmp,ESM4,ESM4_historical_D1,,,190501-190912,5yr,mon,slp,,atmos.190501-190912.slp,/archive/oar.gfdl.cmip6/ESM4/DECK/ESM4_historical_D1/gfdl.ncrc4-intel16-prod-openmp/pp/atmos/ts/monthly/5yr/atmos.190501-190912.slp.nc
gfdl.ncrc4-intel16-prod-openmp,GFDL,DECK,atmos,t_ref,,gfdl.ncrc4-intel16-prod-openmp,ESM4,ESM4_historical_D1,,,190501-190912,5yr,mon,t_ref,,atmos.190501-190912.t_ref,/archive/oar.gfdl.cmip6/ESM4/DECK/ESM4_historical_D1/gfdl.ncrc4-intel16-prod-openmp/pp/atmos/ts/monthly/5yr/atmos.190501-190912.t_ref.nc
gfdl.ncrc4-intel16-prod-openmp,GFDL,DECK,atmos,t_surf,,gfdl.ncrc4-intel16-prod-openmp,ESM4,ESM4_historical_D1,,,190501-190912,5yr,mon,t_surf,,atmos.190501-190912.t_surf,/archive/oar.gfdl.cmip6/ESM4/DECK/ESM4_historical_D1/gfdl.ncrc4-intel16-prod-openmp/pp/atmos/ts/monthly/5yr/atmos.190501-190912.t_surf.nc
gfdl.ncrc4-intel16-prod-openmp,GFDL,DECK,atmos,temp,,gfdl.ncrc4-intel16-prod-openmp,ESM4,ESM4_historical_D1,,,190501-190912,5yr,mon,temp,,atmos.190501-190912.temp,/archive/oar.gfdl.cmip6/ESM4/DECK/ESM4_historical_D1/gfdl.ncrc4-intel16-prod-openmp/pp/atmos/ts/monthly/5yr/atmos.190501-190912.temp.nc
gfdl.ncrc4-intel16-prod-openmp,GFDL,DECK,atmos,ucomp,,gfdl.ncrc4-intel16-prod-openmp,ESM4,ESM4_historical_D1,,,190501-190912,5yr,mon,ucomp,,atmos.190501-190912.ucomp,/archive/oar.gfdl.cmip6/ESM4/DECK/ESM4_historical_D1/gfdl.ncrc4-intel16-prod-openmp/pp/atmos/ts/monthly/5yr/atmos.190501-190912.ucomp.nc
gfdl.ncrc4-intel16-prod-openmp,GFDL,DECK,atmos,vcomp,,gfdl.ncrc4-intel16-prod-openmp,ESM4,ESM4_historical_D1,,,190501-190912,5yr,mon,vcomp,,atmos.190501-190912.vcomp,/archive/oar.gfdl.cmip6/ESM4/DECK/ESM4_historical_D1/gfdl.ncrc4-intel16-prod-openmp/pp/atmos/ts/monthly/5yr/atmos.190501-190912.vcomp.nc
gfdl.ncrc4-intel16-prod-openmp,GFDL,DECK,atmos,hght,,gfdl.ncrc4-intel16-prod-openmp,ESM4,ESM4_historical_D1,,,191001-191412,5yr,mon,hght,,atmos.191001-191412.hght,/archive/oar.gfdl.cmip6/ESM4/DECK/ESM4_historical_D1/gfdl.ncrc4-intel16-prod-openmp/pp/atmos/ts/monthly/5yr/atmos.191001-191412.hght.nc
gfdl.ncrc4-intel16-prod-openmp,GFDL,DECK,atmos,omega,,gfdl.ncrc4-intel16-prod-openmp,ESM4,ESM4_historical_D1,,,191001-191412,5yr,mon,omega,,atmos.191001-191412.omega,/archive/oar.gfdl.cmip6/ESM4/DECK/ESM4_historical_D1/gfdl.ncrc4-intel16-prod-openmp/pp/atmos/ts/monthly/5yr/atmos.191001-191412.omega.nc
gfdl.ncrc4-intel16-prod-openmp,GFDL,DECK,atmos,slp,,gfdl.ncrc4-intel16-prod-openmp,ESM4,ESM4_historical_D1,,,191001-191412,5yr,mon,slp,,atmos.191001-191412.slp,/archive/oar.gfdl.cmip6/ESM4/DECK/ESM4_historical_D1/gfdl.ncrc4-intel16-prod-openmp/pp/atmos/ts/monthly/5yr/atmos.191001-191412.slp.nc
gfdl.ncrc4-intel16-prod-openmp,GFDL,DECK,atmos,t_ref,,gfdl.ncrc4-intel16-prod-openmp,ESM4,ESM4_historical_D1,,,191001-191412,5yr,mon,t_ref,,atmos.191001-191412.t_ref,/archive/oar.gfdl.cmip6/ESM4/DECK/ESM4_historical_D1/gfdl.ncrc4-intel16-prod-openmp/pp/atmos/ts/monthly/5yr/atmos.191001-191412.t_ref.nc
gfdl.ncrc4-intel16-prod-openmp,GFDL,DECK,atmos,t_surf,,gfdl.ncrc4-intel16-prod-openmp,ESM4,ESM4_historical_D1,,,191001-191412,5yr,mon,t_surf,,atmos.191001-191412.t_surf,/archive/oar.gfdl.cmip6/ESM4/DECK/ESM4_historical_D1/gfdl.ncrc4-intel16-prod-openmp/pp/atmos/ts/monthly/5yr/atmos.191001-191412.t_surf.nc
gfdl.ncrc4-intel16-prod-openmp,GFDL,DECK,atmos,temp,,gfdl.ncrc4-intel16-prod-openmp,ESM4,ESM4_historical_D1,,,191001-191412,5yr,mon,temp,,atmos.191001-191412.temp,/archive/oar.gfdl.cmip6/ESM4/DECK/ESM4_historical_D1/gfdl.ncrc4-intel16-prod-openmp/pp/atmos/ts/monthly/5yr/atmos.191001-191412.temp.nc
gfdl.ncrc4-intel16-prod-openmp,GFDL,DECK,atmos,ucomp,,gfdl.ncrc4-intel16-prod-openmp,ESM4,ESM4_historical_D1,,,191001-191412,5yr,mon,ucomp,,atmos.191001-191412.ucomp,/archive/oar.gfdl.cmip6/ESM4/DECK/ESM4_historical_D1/gfdl.ncrc4-intel16-prod-openmp/pp/atmos/ts/monthly/5yr/atmos.191001-191412.ucomp.nc
gfdl.ncrc4-intel16-prod-openmp,GFDL,DECK,atmos,vcomp,,gfdl.ncrc4-intel16-prod-openmp,ESM4,ESM4_historical_D1,,,191001-191412,5yr,mon,vcomp,,atmos.191001-191412.vcomp,/archive/oar.gfdl.cmip6/ESM4/DECK/ESM4_historical_D1/gfdl.ncrc4-intel16-prod-openmp/pp/atmos/ts/monthly/5yr/atmos.191001-191412.vcomp.nc
gfdl.ncrc4-intel16-prod-openmp,GFDL,DECK,atmos,hght,,gfdl.ncrc4-intel16-prod-openmp,ESM4,ESM4_historical_D1,,,191501-191912,5yr,mon,hght,,atmos.191501-191912.hght,/archive/oar.gfdl.cmip6/ESM4/DECK/ESM4_historical_D1/gfdl.ncrc4-intel16-prod-openmp/pp/atmos/ts/monthly/5yr/atmos.191501-191912.hght.nc
gfdl.ncrc4-intel16-prod-openmp,GFDL,DECK,atmos,omega,,gfdl.ncrc4-intel16-prod-openmp,ESM4,ESM4_historical_D1,,,191501-191912,5yr,mon,omega,,atmos.191501-191912.omega,/archive/oar.gfdl.cmip6/ESM4/DECK/ESM4_historical_D1/gfdl.ncrc4-intel16-prod-openmp/pp/atmos/ts/monthly/5yr/atmos.191501-191912.omega.nc
gfdl.ncrc4-intel16-prod-openmp,GFDL,DECK,atmos,slp,,gfdl.ncrc4-intel16-prod-openmp,ESM4,ESM4_historical_D1,,,191501-191912,5yr,mon,slp,,atmos.191501-191912.slp,/archive/oar.gfdl.cmip6/ESM4/DECK/ESM4_historical_D1/gfdl.ncrc4-intel16-prod-openmp/pp/atmos/ts/monthly/5yr/atmos.191501-191912.slp.nc
gfdl.ncrc4-intel16-prod-openmp,GFDL,DECK,atmos,t_ref,,gfdl.ncrc4-intel16-prod-openmp,ESM4,ESM4_historical_D1,,,191501-191912,5yr,mon,t_ref,,atmos.191501-191912.t_ref,/archive/oar.gfdl.cmip6/ESM4/DECK/ESM4_historical_D1/gfdl.ncrc4-intel16-prod-openmp/pp/atmos/ts/monthly/5yr/atmos.191501-191912.t_ref.nc
gfdl.ncrc4-intel16-prod-openmp,GFDL,DECK,atmos,t_surf,,gfdl.ncrc4-intel16-prod-openmp,ESM4,ESM4_historical_D1,,,191501-191912,5yr,mon,t_surf,,atmos.191501-191912.t_surf,/archive/oar.gfdl.cmip6/ESM4/DECK/ESM4_historical_D1/gfdl.ncrc4-intel16-prod-openmp/pp/atmos/ts/monthly/5yr/atmos.191501-191912.t_surf.nc
gfdl.ncrc4-intel16-prod-openmp,GFDL,DECK,atmos,temp,,gfdl.ncrc4-intel16-prod-openmp,ESM4,ESM4_historical_D1,,,191501-191912,5yr,mon,temp,,atmos.191501-191912.temp,/archive/oar.gfdl.cmip6/ESM4/DECK/ESM4_historical_D1/gfdl.ncrc4-intel16-prod-openmp/pp/atmos/ts/monthly/5yr/atmos.191501-191912.temp.nc
gfdl.ncrc4-intel16-prod-openmp,GFDL,DECK,atmos,ucomp,,gfdl.ncrc4-intel16-prod-openmp,ESM4,ESM4_historical_D1,,,191501-191912,5yr,mon,ucomp,,atmos.191501-191912.ucomp,/archive/oar.gfdl.cmip6/ESM4/DECK/ESM4_historical_D1/gfdl.ncrc4-intel16-prod-openmp/pp/atmos/ts/monthly/5yr/atmos.191501-191912.ucomp.nc
gfdl.ncrc4-intel16-prod-openmp,GFDL,DECK,atmos,vcomp,,gfdl.ncrc4-intel16-prod-openmp,ESM4,ESM4_historical_D1,,,191501-191912,5yr,mon,vcomp,,atmos.191501-191912.vcomp,/archive/oar.gfdl.cmip6/ESM4/DECK/ESM4_historical_D1/gfdl.ncrc4-intel16-prod-openmp/pp/atmos/ts/monthly/5yr/atmos.191501-191912.vcomp.nc
gfdl.ncrc4-intel16-prod-openmp,GFDL,DECK,atmos,hght,,gfdl.ncrc4-intel16-prod-openmp,ESM4,ESM4_historical_D1,,,192001-192412,5yr,mon,hght,,atmos.192001-192412.hght,/archive/oar.gfdl.cmip6/ESM4/DECK/ESM4_historical_D1/gfdl.ncrc4-intel16-prod-openmp/pp/atmos/ts/monthly/5yr/atmos.192001-192412.hght.nc
gfdl.ncrc4-intel16-prod-openmp,GFDL,DECK,atmos,omega,,gfdl.ncrc4-intel16-prod-openmp,ESM4,ESM4_historical_D1,,,192001-192412,5yr,mon,omega,,atmos.192001-192412.omega,/archive/oar.gfdl.cmip6/ESM4/DECK/ESM4_historical_D1/gfdl.ncrc4-intel16-prod-openmp/pp/atmos/ts/monthly/5yr/atmos.192001-192412.omega.nc
gfdl.ncrc4-intel16-prod-openmp,GFDL,DECK,atmos,slp,,gfdl.ncrc4-intel16-prod-openmp,ESM4,ESM4_historical_D1,,,192001-192412,5yr,mon,slp,,atmos.192001-192412.slp,/archive/oar.gfdl.cmip6/ESM4/DECK/ESM4_historical_D1/gfdl.ncrc4-intel16-prod-openmp/pp/atmos/ts/monthly/5yr/atmos.192001-192412.slp.nc
gfdl.ncrc4-intel16-prod-openmp,GFDL,DECK,atmos,t_ref,,gfdl.ncrc4-intel16-prod-openmp,ESM4,ESM4_historical_D1,,,192001-192412,5yr,mon,t_ref,,atmos.192001-192412.t_ref,/archive/oar.gfdl.cmip6/ESM4/DECK/ESM4_historical_D1/gfdl.ncrc4-intel16-prod-openmp/pp/atmos/ts/monthly/5yr/atmos.192001-192412.t_ref.nc
gfdl.ncrc4-intel16-prod-openmp,GFDL,DECK,atmos,t_surf,,gfdl.ncrc4-intel16-prod-openmp,ESM4,ESM4_historical_D1,,,192001-192412,5yr,mon,t_surf,,atmos.192001-192412.t_surf,/archive/oar.gfdl.cmip6/ESM4/DECK/ESM4_historical_D1/gfdl.ncrc4-intel16-prod-openmp/pp/atmos/ts/monthly/5yr/atmos.192001-192412.t_surf.nc
gfdl.ncrc4-intel16-prod-openmp,GFDL,DECK,atmos,temp,,gfdl.ncrc4-intel16-prod-openmp,ESM4,ESM4_historical_D1,,,192001-192412,5yr,mon,temp,,atmos.192001-192412.temp,/archive/oar.gfdl.cmip6/ESM4/DECK/ESM4_historical_D1/gfdl.ncrc4-intel16-prod-openmp/pp/atmos/ts/monthly/5yr/atmos.192001-192412.temp.nc
gfdl.ncrc4-intel16-prod-openmp,GFDL,DECK,atmos,ucomp,,gfdl.ncrc4-intel16-prod-openmp,ESM4,ESM4_historical_D1,,,192001-192412,5yr,mon,ucomp,,atmos.192001-192412.ucomp,/archive/oar.gfdl.cmip6/ESM4/DECK/ESM4_historical_D1/gfdl.ncrc4-intel16-prod-openmp/pp/atmos/ts/monthly/5yr/atmos.192001-192412.ucomp.nc
gfdl.ncrc4-intel16-prod-openmp,GFDL,DECK,atmos,vcomp,,gfdl.ncrc4-intel16-prod-openmp,ESM4,ESM4_historical_D1,,,192001-192412,5yr,mon,vcomp,,atmos.192001-192412.vcomp,/archive/oar.gfdl.cmip6/ESM4/DECK/ESM4_historical_D1/gfdl.ncrc4-intel16-prod-openmp/pp/atmos/ts/monthly/5yr/atmos.192001-192412.vcomp.nc
gfdl.ncrc4-intel16-prod-openmp,GFDL,DECK,atmos,hght,,gfdl.ncrc4-intel16-prod-openmp,ESM4,ESM4_historical_D1,,,192501-192912,5yr,mon,hght,,atmos.192501-192912.hght,/archive/oar.gfdl.cmip6/ESM4/DECK/ESM4_historical_D1/gfdl.ncrc4-intel16-prod-openmp/pp/atmos/ts/monthly/5yr/atmos.192501-192912.hght.nc
gfdl.ncrc4-intel16-prod-openmp,GFDL,DECK,atmos,omega,,gfdl.ncrc4-intel16-prod-openmp,ESM4,ESM4_historical_D1,,,192501-192912,5yr,mon,omega,,atmos.192501-192912.omega,/archive/oar.gfdl.cmip6/ESM4/DECK/ESM4_historical_D1/gfdl.ncrc4-intel16-prod-openmp/pp/atmos/ts/monthly/5yr/atmos.192501-192912.omega.nc
gfdl.ncrc4-intel16-prod-openmp,GFDL,DECK,atmos,slp,,gfdl.ncrc4-intel16-prod-openmp,ESM4,ESM4_historical_D1,,,192501-192912,5yr,mon,slp,,atmos.192501-192912.slp,/archive/oar.gfdl.cmip6/ESM4/DECK/ESM4_historical_D1/gfdl.ncrc4-intel16-prod-openmp/pp/atmos/ts/monthly/5yr/atmos.192501-192912.slp.nc
gfdl.ncrc4-intel16-prod-openmp,GFDL,DECK,atmos,t_ref,,gfdl.ncrc4-intel16-prod-openmp,ESM4,ESM4_historical_D1,,,192501-192912,5yr,mon,t_ref,,atmos.192501-192912.t_ref,/archive/oar.gfdl.cmip6/ESM4/DECK/ESM4_historical_D1/gfdl.ncrc4-intel16-prod-openmp/pp/atmos/ts/monthly/5yr/atmos.192501-192912.t_ref.nc
gfdl.ncrc4-intel16-prod-openmp,GFDL,DECK,atmos,t_surf,,gfdl.ncrc4-intel16-prod-openmp,ESM4,ESM4_historical_D1,,,192501-192912,5yr,mon,t_surf,,atmos.192501-192912.t_surf,/archive/oar.gfdl.cmip6/ESM4/DECK/ESM4_historical_D1/gfdl.ncrc4-intel16-prod-openmp/pp/atmos/ts/monthly/5yr/atmos.192501-192912.t_surf.nc
gfdl.ncrc4-intel16-prod-openmp,GFDL,DECK,atmos,temp,,gfdl.ncrc4-intel16-prod-openmp,ESM4,ESM4_historical_D1,,,192501-192912,5yr,mon,temp,,atmos.192501-192912.temp,/archive/oar.gfdl.cmip6/ESM4/DECK/ESM4_historical_D1/gfdl.ncrc4-intel16-prod-openmp/pp/atmos/ts/monthly/5yr/atmos.192501-192912.temp.nc
gfdl.ncrc4-intel16-prod-openmp,GFDL,DECK,atmos,ucomp,,gfdl.ncrc4-intel16-prod-openmp,ESM4,ESM4_historical_D1,,,192501-192912,5yr,mon,ucomp,,atmos.192501-192912.ucomp,/archive/oar.gfdl.cmip6/ESM4/DECK/ESM4_historical_D1/gfdl.ncrc4-intel16-prod-openmp/pp/atmos/ts/monthly/5yr/atmos.192501-192912.ucomp.nc
gfdl.ncrc4-intel16-prod-openmp,GFDL,DECK,atmos,vcomp,,gfdl.ncrc4-intel16-prod-openmp,ESM4,ESM4_historical_D1,,,192501-192912,5yr,mon,vcomp,,atmos.192501-192912.vcomp,/archive/oar.gfdl.cmip6/ESM4/DECK/ESM4_historical_D1/gfdl.ncrc4-intel16-prod-openmp/pp/atmos/ts/monthly/5yr/atmos.192501-192912.vcomp.nc
gfdl.ncrc4-intel16-prod-openmp,GFDL,DECK,atmos,hght,,gfdl.ncrc4-intel16-prod-openmp,ESM4,ESM4_historical_D1,,,193001-193412,5yr,mon,hght,,atmos.193001-193412.hght,/archive/oar.gfdl.cmip6/ESM4/DECK/ESM4_historical_D1/gfdl.ncrc4-intel16-prod-openmp/pp/atmos/ts/monthly/5yr/atmos.193001-193412.hght.nc
gfdl.ncrc4-intel16-prod-openmp,GFDL,DECK,atmos,omega,,gfdl.ncrc4-intel16-prod-openmp,ESM4,ESM4_historical_D1,,,193001-193412,5yr,mon,omega,,atmos.193001-193412.omega,/archive/oar.gfdl.cmip6/ESM4/DECK/ESM4_historical_D1/gfdl.ncrc4-intel16-prod-openmp/pp/atmos/ts/monthly/5yr/atmos.193001-193412.omega.nc
gfdl.ncrc4-intel16-prod-openmp,GFDL,DECK,atmos,slp,,gfdl.ncrc4-intel16-prod-openmp,ESM4,ESM4_historical_D1,,,193001-193412,5yr,mon,slp,,atmos.193001-193412.slp,/archive/oar.gfdl.cmip6/ESM4/DECK/ESM4_historical_D1/gfdl.ncrc4-intel16-prod-openmp/pp/atmos/ts/monthly/5yr/atmos.193001-193412.slp.nc
gfdl.ncrc4-intel16-prod-openmp,GFDL,DECK,atmos,t_ref,,gfdl.ncrc4-intel16-prod-openmp,ESM4,ESM4_historical_D1,,,193001-193412,5yr,mon,t_ref,,atmos.193001-193412.t_ref,/archive/oar.gfdl.cmip6/ESM4/DECK/ESM4_historical_D1/gfdl.ncrc4-intel16-prod-openmp/pp/atmos/ts/monthly/5yr/atmos.193001-193412.t_ref.nc
gfdl.ncrc4-intel16-prod-openmp,GFDL,DECK,atmos,t_surf,,gfdl.ncrc4-intel16-prod-openmp,ESM4,ESM4_historical_D1,,,193001-193412,5yr,mon,t_surf,,atmos.193001-193412.t_surf,/archive/oar.gfdl.cmip6/ESM4/DECK/ESM4_historical_D1/gfdl.ncrc4-intel16-prod-openmp/pp/atmos/ts/monthly/5yr/atmos.193001-193412.t_surf.nc
gfdl.ncrc4-intel16-prod-openmp,GFDL,DECK,atmos,temp,,gfdl.ncrc4-intel16-prod-openmp,ESM4,ESM4_historical_D1,,,193001-193412,5yr,mon,temp,,atmos.193001-193412.temp,/archive/oar.gfdl.cmip6/ESM4/DECK/ESM4_historical_D1/gfdl.ncrc4-intel16-prod-openmp/pp/atmos/ts/monthly/5yr/atmos.193001-193412.temp.nc
gfdl.ncrc4-intel16-prod-openmp,GFDL,DECK,atmos,ucomp,,gfdl.ncrc4-intel16-prod-openmp,ESM4,ESM4_historical_D1,,,193001-193412,5yr,mon,ucomp,,atmos.193001-193412.ucomp,/archive/oar.gfdl.cmip6/ESM4/DECK/ESM4_historical_D1/gfdl.ncrc4-intel16-prod-openmp/pp/atmos/ts/monthly/5yr/atmos.193001-193412.ucomp.nc
gfdl.ncrc4-intel16-prod-openmp,GFDL,DECK,atmos,vcomp,,gfdl.ncrc4-intel16-prod-openmp,ESM4,ESM4_historical_D1,,,193001-193412,5yr,mon,vcomp,,atmos.193001-193412.vcomp,/archive/oar.gfdl.cmip6/ESM4/DECK/ESM4_historical_D1/gfdl.ncrc4-intel16-prod-openmp/pp/atmos/ts/monthly/5yr/atmos.193001-193412.vcomp.nc
gfdl.ncrc4-intel16-prod-openmp,GFDL,DECK,atmos,hght,,gfdl.ncrc4-intel16-prod-openmp,ESM4,ESM4_historical_D1,,,193501-193912,5yr,mon,hght,,atmos.193501-193912.hght,/archive/oar.gfdl.cmip6/ESM4/DECK/ESM4_historical_D1/gfdl.ncrc4-intel16-prod-openmp/pp/atmos/ts/monthly/5yr/atmos.193501-193912.hght.nc
gfdl.ncrc4-intel16-prod-openmp,GFDL,DECK,atmos,omega,,gfdl.ncrc4-intel16-prod-openmp,ESM4,ESM4_historical_D1,,,193501-193912,5yr,mon,omega,,atmos.193501-193912.omega,/archive/oar.gfdl.cmip6/ESM4/DECK/ESM4_historical_D1/gfdl.ncrc4-intel16-prod-openmp/pp/atmos/ts/monthly/5yr/atmos.193501-193912.omega.nc
gfdl.ncrc4-intel16-prod-openmp,GFDL,DECK,atmos,slp,,gfdl.ncrc4-intel16-prod-openmp,ESM4,ESM4_historical_D1,,,193501-193912,5yr,mon,slp,,atmos.193501-193912.slp,/archive/oar.gfdl.cmip6/ESM4/DECK/ESM4_historical_D1/gfdl.ncrc4-intel16-prod-openmp/pp/atmos/ts/monthly/5yr/atmos.193501-193912.slp.nc
gfdl.ncrc4-intel16-prod-openmp,GFDL,DECK,atmos,t_ref,,gfdl.ncrc4-intel16-prod-openmp,ESM4,ESM4_historical_D1,,,193501-193912,5yr,mon,t_ref,,atmos.193501-193912.t_ref,/archive/oar.gfdl.cmip6/ESM4/DECK/ESM4_historical_D1/gfdl.ncrc4-intel16-prod-openmp/pp/atmos/ts/monthly/5yr/atmos.193501-193912.t_ref.nc
gfdl.ncrc4-intel16-prod-openmp,GFDL,DECK,atmos,t_surf,,gfdl.ncrc4-intel16-prod-openmp,ESM4,ESM4_historical_D1,,,193501-193912,5yr,mon,t_surf,,atmos.193501-193912.t_surf,/archive/oar.gfdl.cmip6/ESM4/DECK/ESM4_historical_D1/gfdl.ncrc4-intel16-prod-openmp/pp/atmos/ts/monthly/5yr/atmos.193501-193912.t_surf.nc
gfdl.ncrc4-intel16-prod-openmp,GFDL,DECK,atmos,temp,,gfdl.ncrc4-intel16-prod-openmp,ESM4,ESM4_historical_D1,,,193501-193912,5yr,mon,temp,,atmos.193501-193912.temp,/archive/oar.gfdl.cmip6/ESM4/DECK/ESM4_historical_D1/gfdl.ncrc4-intel16-prod-openmp/pp/atmos/ts/monthly/5yr/atmos.193501-193912.temp.nc
gfdl.ncrc4-intel16-prod-openmp,GFDL,DECK,atmos,ucomp,,gfdl.ncrc4-intel16-prod-openmp,ESM4,ESM4_historical_D1,,,193501-193912,5yr,mon,ucomp,,atmos.193501-193912.ucomp,/archive/oar.gfdl.cmip6/ESM4/DECK/ESM4_historical_D1/gfdl.ncrc4-intel16-prod-openmp/pp/atmos/ts/monthly/5yr/atmos.193501-193912.ucomp.nc
gfdl.ncrc4-intel16-prod-openmp,GFDL,DECK,atmos,vcomp,,gfdl.ncrc4-intel16-prod-openmp,ESM4,ESM4_historical_D1,,,193501-193912,5yr,mon,vcomp,,atmos.193501-193912.vcomp,/archive/oar.gfdl.cmip6/ESM4/DECK/ESM4_historical_D1/gfdl.ncrc4-intel16-prod-openmp/pp/atmos/ts/monthly/5yr/atmos.193501-193912.vcomp.nc
gfdl.ncrc4-intel16-prod-openmp,GFDL,DECK,atmos,hght,,gfdl.ncrc4-intel16-prod-openmp,ESM4,ESM4_historical_D1,,,194001-194412,5yr,mon,hght,,atmos.194001-194412.hght,/archive/oar.gfdl.cmip6/ESM4/DECK/ESM4_historical_D1/gfdl.ncrc4-intel16-prod-openmp/pp/atmos/ts/monthly/5yr/atmos.194001-194412.hght.nc
gfdl.ncrc4-intel16-prod-openmp,GFDL,DECK,atmos,omega,,gfdl.ncrc4-intel16-prod-openmp,ESM4,ESM4_historical_D1,,,194001-194412,5yr,mon,omega,,atmos.194001-194412.omega,/archive/oar.gfdl.cmip6/ESM4/DECK/ESM4_historical_D1/gfdl.ncrc4-intel16-prod-openmp/pp/atmos/ts/monthly/5yr/atmos.194001-194412.omega.nc
gfdl.ncrc4-intel16-prod-openmp,GFDL,DECK,atmos,slp,,gfdl.ncrc4-intel16-prod-openmp,ESM4,ESM4_historical_D1,,,194001-194412,5yr,mon,slp,,atmos.194001-194412.slp,/archive/oar.gfdl.cmip6/ESM4/DECK/ESM4_historical_D1/gfdl.ncrc4-intel16-prod-openmp/pp/atmos/ts/monthly/5yr/atmos.194001-194412.slp.nc
gfdl.ncrc4-intel16-prod-openmp,GFDL,DECK,atmos,t_ref,,gfdl.ncrc4-intel16-prod-openmp,ESM4,ESM4_historical_D1,,,194001-194412,5yr,mon,t_ref,,atmos.194001-194412.t_ref,/archive/oar.gfdl.cmip6/ESM4/DECK/ESM4_historical_D1/gfdl.ncrc4-intel16-prod-openmp/pp/atmos/ts/monthly/5yr/atmos.194001-194412.t_ref.nc
gfdl.ncrc4-intel16-prod-openmp,GFDL,DECK,atmos,t_surf,,gfdl.ncrc4-intel16-prod-openmp,ESM4,ESM4_historical_D1,,,194001-194412,5yr,mon,t_surf,,atmos.194001-194412.t_surf,/archive/oar.gfdl.cmip6/ESM4/DECK/ESM4_historical_D1/gfdl.ncrc4-intel16-prod-openmp/pp/atmos/ts/monthly/5yr/atmos.194001-194412.t_surf.nc
gfdl.ncrc4-intel16-prod-openmp,GFDL,DECK,atmos,temp,,gfdl.ncrc4-intel16-prod-openmp,ESM4,ESM4_historical_D1,,,194001-194412,5yr,mon,temp,,atmos.194001-194412.temp,/archive/oar.gfdl.cmip6/ESM4/DECK/ESM4_historical_D1/gfdl.ncrc4-intel16-prod-openmp/pp/atmos/ts/monthly/5yr/atmos.194001-194412.temp.nc
gfdl.ncrc4-intel16-prod-openmp,GFDL,DECK,atmos,ucomp,,gfdl.ncrc4-intel16-prod-openmp,ESM4,ESM4_historical_D1,,,194001-194412,5yr,mon,ucomp,,atmos.194001-194412.ucomp,/archive/oar.gfdl.cmip6/ESM4/DECK/ESM4_historical_D1/gfdl.ncrc4-intel16-prod-openmp/pp/atmos/ts/monthly/5yr/atmos.194001-194412.ucomp.nc
gfdl.ncrc4-intel16-prod-openmp,GFDL,DECK,atmos,vcomp,,gfdl.ncrc4-intel16-prod-openmp,ESM4,ESM4_historical_D1,,,194001-194412,5yr,mon,vcomp,,atmos.194001-194412.vcomp,/archive/oar.gfdl.cmip6/ESM4/DECK/ESM4_historical_D1/gfdl.ncrc4-intel16-prod-openmp/pp/atmos/ts/monthly/5yr/atmos.194001-194412.vcomp.nc
gfdl.ncrc4-intel16-prod-openmp,GFDL,DECK,atmos,hght,,gfdl.ncrc4-intel16-prod-openmp,ESM4,ESM4_historical_D1,,,194501-194912,5yr,mon,hght,,atmos.194501-194912.hght,/archive/oar.gfdl.cmip6/ESM4/DECK/ESM4_historical_D1/gfdl.ncrc4-intel16-prod-openmp/pp/atmos/ts/monthly/5yr/atmos.194501-194912.hght.nc
gfdl.ncrc4-intel16-prod-openmp,GFDL,DECK,atmos,omega,,gfdl.ncrc4-intel16-prod-openmp,ESM4,ESM4_historical_D1,,,194501-194912,5yr,mon,omega,,atmos.194501-194912.omega,/archive/oar.gfdl.cmip6/ESM4/DECK/ESM4_historical_D1/gfdl.ncrc4-intel16-prod-openmp/pp/atmos/ts/monthly/5yr/atmos.194501-194912.omega.nc
gfdl.ncrc4-intel16-prod-openmp,GFDL,DECK,atmos,slp,,gfdl.ncrc4-intel16-prod-openmp,ESM4,ESM4_historical_D1,,,194501-194912,5yr,mon,slp,,atmos.194501-194912.slp,/archive/oar.gfdl.cmip6/ESM4/DECK/ESM4_historical_D1/gfdl.ncrc4-intel16-prod-openmp/pp/atmos/ts/monthly/5yr/atmos.194501-194912.slp.nc
gfdl.ncrc4-intel16-prod-openmp,GFDL,DECK,atmos,t_ref,,gfdl.ncrc4-intel16-prod-openmp,ESM4,ESM4_historical_D1,,,194501-194912,5yr,mon,t_ref,,atmos.194501-194912.t_ref,/archive/oar.gfdl.cmip6/ESM4/DECK/ESM4_historical_D1/gfdl.ncrc4-intel16-prod-openmp/pp/atmos/ts/monthly/5yr/atmos.194501-194912.t_ref.nc
gfdl.ncrc4-intel16-prod-openmp,GFDL,DECK,atmos,t_surf,,gfdl.ncrc4-intel16-prod-openmp,ESM4,ESM4_historical_D1,,,194501-194912,5yr,mon,t_surf,,atmos.194501-194912.t_surf,/archive/oar.gfdl.cmip6/ESM4/DECK/ESM4_historical_D1/gfdl.ncrc4-intel16-prod-openmp/pp/atmos/ts/monthly/5yr/atmos.194501-194912.t_surf.nc
gfdl.ncrc4-intel16-prod-openmp,GFDL,DECK,atmos,temp,,gfdl.ncrc4-intel16-prod-openmp,ESM4,ESM4_historical_D1,,,194501-194912,5yr,mon,temp,,atmos.194501-194912.temp,/archive/oar.gfdl.cmip6/ESM4/DECK/ESM4_historical_D1/gfdl.ncrc4-intel16-prod-openmp/pp/atmos/ts/monthly/5yr/atmos.194501-194912.temp.nc
gfdl.ncrc4-intel16-prod-openmp,GFDL,DECK,atmos,ucomp,,gfdl.ncrc4-intel16-prod-openmp,ESM4,ESM4_historical_D1,,,194501-194912,5yr,mon,ucomp,,atmos.194501-194912.ucomp,/archive/oar.gfdl.cmip6/ESM4/DECK/ESM4_historical_D1/gfdl.ncrc4-intel16-prod-openmp/pp/atmos/ts/monthly/5yr/atmos.194501-194912.ucomp.nc
gfdl.ncrc4-intel16-prod-openmp,GFDL,DECK,atmos,vcomp,,gfdl.ncrc4-intel16-prod-openmp,ESM4,ESM4_historical_D1,,,194501-194912,5yr,mon,vcomp,,atmos.194501-194912.vcomp,/archive/oar.gfdl.cmip6/ESM4/DECK/ESM4_historical_D1/gfdl.ncrc4-intel16-prod-openmp/pp/atmos/ts/monthly/5yr/atmos.194501-194912.vcomp.nc
gfdl.ncrc4-intel16-prod-openmp,GFDL,DECK,atmos,hght,,gfdl.ncrc4-intel16-prod-openmp,ESM4,ESM4_historical_D1,,,195001-195412,5yr,mon,hght,,atmos.195001-195412.hght,/archive/oar.gfdl.cmip6/ESM4/DECK/ESM4_historical_D1/gfdl.ncrc4-intel16-prod-openmp/pp/atmos/ts/monthly/5yr/atmos.195001-195412.hght.nc
gfdl.ncrc4-intel16-prod-openmp,GFDL,DECK,atmos,omega,,gfdl.ncrc4-intel16-prod-openmp,ESM4,ESM4_historical_D1,,,195001-195412,5yr,mon,omega,,atmos.195001-195412.omega,/archive/oar.gfdl.cmip6/ESM4/DECK/ESM4_historical_D1/gfdl.ncrc4-intel16-prod-openmp/pp/atmos/ts/monthly/5yr/atmos.195001-195412.omega.nc
gfdl.ncrc4-intel16-prod-openmp,GFDL,DECK,atmos,slp,,gfdl.ncrc4-intel16-prod-openmp,ESM4,ESM4_historical_D1,,,195001-195412,5yr,mon,slp,,atmos.195001-195412.slp,/archive/oar.gfdl.cmip6/ESM4/DECK/ESM4_historical_D1/gfdl.ncrc4-intel16-prod-openmp/pp/atmos/ts/monthly/5yr/atmos.195001-195412.slp.nc
gfdl.ncrc4-intel16-prod-openmp,GFDL,DECK,atmos,t_ref,,gfdl.ncrc4-intel16-prod-openmp,ESM4,ESM4_historical_D1,,,195001-195412,5yr,mon,t_ref,,atmos.195001-195412.t_ref,/archive/oar.gfdl.cmip6/ESM4/DECK/ESM4_historical_D1/gfdl.ncrc4-intel16-prod-openmp/pp/atmos/ts/monthly/5yr/atmos.195001-195412.t_ref.nc
gfdl.ncrc4-intel16-prod-openmp,GFDL,DECK,atmos,t_surf,,gfdl.ncrc4-intel16-prod-openmp,ESM4,ESM4_historical_D1,,,195001-195412,5yr,mon,t_surf,,atmos.195001-195412.t_surf,/archive/oar.gfdl.cmip6/ESM4/DECK/ESM4_historical_D1/gfdl.ncrc4-intel16-prod-openmp/pp/atmos/ts/monthly/5yr/atmos.195001-195412.t_surf.nc
gfdl.ncrc4-intel16-prod-openmp,GFDL,DECK,atmos,temp,,gfdl.ncrc4-intel16-prod-openmp,ESM4,ESM4_historical_D1,,,195001-195412,5yr,mon,temp,,atmos.195001-195412.temp,/archive/oar.gfdl.cmip6/ESM4/DECK/ESM4_historical_D1/gfdl.ncrc4-intel16-prod-openmp/pp/atmos/ts/monthly/5yr/atmos.195001-195412.temp.nc
gfdl.ncrc4-intel16-prod-openmp,GFDL,DECK,atmos,ucomp,,gfdl.ncrc4-intel16-prod-openmp,ESM4,ESM4_historical_D1,,,195001-195412,5yr,mon,ucomp,,atmos.195001-195412.ucomp,/archive/oar.gfdl.cmip6/ESM4/DECK/ESM4_historical_D1/gfdl.ncrc4-intel16-prod-openmp/pp/atmos/ts/monthly/5yr/atmos.195001-195412.ucomp.nc
gfdl.ncrc4-intel16-prod-openmp,GFDL,DECK,atmos,vcomp,,gfdl.ncrc4-intel16-prod-openmp,ESM4,ESM4_historical_D1,,,195001-195412,5yr,mon,vcomp,,atmos.195001-195412.vcomp,/archive/oar.gfdl.cmip6/ESM4/DECK/ESM4_historical_D1/gfdl.ncrc4-intel16-prod-openmp/pp/atmos/ts/monthly/5yr/atmos.195001-195412.vcomp.nc
gfdl.ncrc4-intel16-prod-openmp,GFDL,DECK,atmos,hght,,gfdl.ncrc4-intel16-prod-openmp,ESM4,ESM4_historical_D1,,,195501-195912,5yr,mon,hght,,atmos.195501-195912.hght,/archive/oar.gfdl.cmip6/ESM4/DECK/ESM4_historical_D1/gfdl.ncrc4-intel16-prod-openmp/pp/atmos/ts/monthly/5yr/atmos.195501-195912.hght.nc
gfdl.ncrc4-intel16-prod-openmp,GFDL,DECK,atmos,omega,,gfdl.ncrc4-intel16-prod-openmp,ESM4,ESM4_historical_D1,,,195501-195912,5yr,mon,omega,,atmos.195501-195912.omega,/archive/oar.gfdl.cmip6/ESM4/DECK/ESM4_historical_D1/gfdl.ncrc4-intel16-prod-openmp/pp/atmos/ts/monthly/5yr/atmos.195501-195912.omega.nc
gfdl.ncrc4-intel16-prod-openmp,GFDL,DECK,atmos,slp,,gfdl.ncrc4-intel16-prod-openmp,ESM4,ESM4_historical_D1,,,195501-195912,5yr,mon,slp,,atmos.195501-195912.slp,/archive/oar.gfdl.cmip6/ESM4/DECK/ESM4_historical_D1/gfdl.ncrc4-intel16-prod-openmp/pp/atmos/ts/monthly/5yr/atmos.195501-195912.slp.nc
gfdl.ncrc4-intel16-prod-openmp,GFDL,DECK,atmos,t_ref,,gfdl.ncrc4-intel16-prod-openmp,ESM4,ESM4_historical_D1,,,195501-195912,5yr,mon,t_ref,,atmos.195501-195912.t_ref,/archive/oar.gfdl.cmip6/ESM4/DECK/ESM4_historical_D1/gfdl.ncrc4-intel16-prod-openmp/pp/atmos/ts/monthly/5yr/atmos.195501-195912.t_ref.nc
gfdl.ncrc4-intel16-prod-openmp,GFDL,DECK,atmos,t_surf,,gfdl.ncrc4-intel16-prod-openmp,ESM4,ESM4_historical_D1,,,195501-195912,5yr,mon,t_surf,,atmos.195501-195912.t_surf,/archive/oar.gfdl.cmip6/ESM4/DECK/ESM4_historical_D1/gfdl.ncrc4-intel16-prod-openmp/pp/atmos/ts/monthly/5yr/atmos.195501-195912.t_surf.nc
gfdl.ncrc4-intel16-prod-openmp,GFDL,DECK,atmos,temp,,gfdl.ncrc4-intel16-prod-openmp,ESM4,ESM4_historical_D1,,,195501-195912,5yr,mon,temp,,atmos.195501-195912.temp,/archive/oar.gfdl.cmip6/ESM4/DECK/ESM4_historical_D1/gfdl.ncrc4-intel16-prod-openmp/pp/atmos/ts/monthly/5yr/atmos.195501-195912.temp.nc
gfdl.ncrc4-intel16-prod-openmp,GFDL,DECK,atmos,ucomp,,gfdl.ncrc4-intel16-prod-openmp,ESM4,ESM4_historical_D1,,,195501-195912,5yr,mon,ucomp,,atmos.195501-195912.ucomp,/archive/oar.gfdl.cmip6/ESM4/DECK/ESM4_historical_D1/gfdl.ncrc4-intel16-prod-openmp/pp/atmos/ts/monthly/5yr/atmos.195501-195912.ucomp.nc
gfdl.ncrc4-intel16-prod-openmp,GFDL,DECK,atmos,vcomp,,gfdl.ncrc4-intel16-prod-openmp,ESM4,ESM4_historical_D1,,,195501-195912,5yr,mon,vcomp,,atmos.195501-195912.vcomp,/archive/oar.gfdl.cmip6/ESM4/DECK/ESM4_historical_D1/gfdl.ncrc4-intel16-prod-openmp/pp/atmos/ts/monthly/5yr/atmos.195501-195912.vcomp.nc
gfdl.ncrc4-intel16-prod-openmp,GFDL,DECK,atmos,hght,,gfdl.ncrc4-intel16-prod-openmp,ESM4,ESM4_historical_D1,,,196001-196412,5yr,mon,hght,,atmos.196001-196412.hght,/archive/oar.gfdl.cmip6/ESM4/DECK/ESM4_historical_D1/gfdl.ncrc4-intel16-prod-openmp/pp/atmos/ts/monthly/5yr/atmos.196001-196412.hght.nc
gfdl.ncrc4-intel16-prod-openmp,GFDL,DECK,atmos,omega,,gfdl.ncrc4-intel16-prod-openmp,ESM4,ESM4_historical_D1,,,196001-196412,5yr,mon,omega,,atmos.196001-196412.omega,/archive/oar.gfdl.cmip6/ESM4/DECK/ESM4_historical_D1/gfdl.ncrc4-intel16-prod-openmp/pp/atmos/ts/monthly/5yr/atmos.196001-196412.omega.nc
gfdl.ncrc4-intel16-prod-openmp,GFDL,DECK,atmos,slp,,gfdl.ncrc4-intel16-prod-openmp,ESM4,ESM4_historical_D1,,,196001-196412,5yr,mon,slp,,atmos.196001-196412.slp,/archive/oar.gfdl.cmip6/ESM4/DECK/ESM4_historical_D1/gfdl.ncrc4-intel16-prod-openmp/pp/atmos/ts/monthly/5yr/atmos.196001-196412.slp.nc
gfdl.ncrc4-intel16-prod-openmp,GFDL,DECK,atmos,t_ref,,gfdl.ncrc4-intel16-prod-openmp,ESM4,ESM4_historical_D1,,,196001-196412,5yr,mon,t_ref,,atmos.196001-196412.t_ref,/archive/oar.gfdl.cmip6/ESM4/DECK/ESM4_historical_D1/gfdl.ncrc4-intel16-prod-openmp/pp/atmos/ts/monthly/5yr/atmos.196001-196412.t_ref.nc
gfdl.ncrc4-intel16-prod-openmp,GFDL,DECK,atmos,t_surf,,gfdl.ncrc4-intel16-prod-openmp,ESM4,ESM4_historical_D1,,,196001-196412,5yr,mon,t_surf,,atmos.196001-196412.t_surf,/archive/oar.gfdl.cmip6/ESM4/DECK/ESM4_historical_D1/gfdl.ncrc4-intel16-prod-openmp/pp/atmos/ts/monthly/5yr/atmos.196001-196412.t_surf.nc
gfdl.ncrc4-intel16-prod-openmp,GFDL,DECK,atmos,temp,,gfdl.ncrc4-intel16-prod-openmp,ESM4,ESM4_historical_D1,,,196001-196412,5yr,mon,temp,,atmos.196001-196412.temp,/archive/oar.gfdl.cmip6/ESM4/DECK/ESM4_historical_D1/gfdl.ncrc4-intel16-prod-openmp/pp/atmos/ts/monthly/5yr/atmos.196001-196412.temp.nc
gfdl.ncrc4-intel16-prod-openmp,GFDL,DECK,atmos,ucomp,,gfdl.ncrc4-intel16-prod-openmp,ESM4,ESM4_historical_D1,,,196001-196412,5yr,mon,ucomp,,atmos.196001-196412.ucomp,/archive/oar.gfdl.cmip6/ESM4/DECK/ESM4_historical_D1/gfdl.ncrc4-intel16-prod-openmp/pp/atmos/ts/monthly/5yr/atmos.196001-196412.ucomp.nc
gfdl.ncrc4-intel16-prod-openmp,GFDL,DECK,atmos,vcomp,,gfdl.ncrc4-intel16-prod-openmp,ESM4,ESM4_historical_D1,,,196001-196412,5yr,mon,vcomp,,atmos.196001-196412.vcomp,/archive/oar.gfdl.cmip6/ESM4/DECK/ESM4_historical_D1/gfdl.ncrc4-intel16-prod-openmp/pp/atmos/ts/monthly/5yr/atmos.196001-196412.vcomp.nc
gfdl.ncrc4-intel16-prod-openmp,GFDL,DECK,atmos,hght,,gfdl.ncrc4-intel16-prod-openmp,ESM4,ESM4_historical_D1,,,196501-196912,5yr,mon,hght,,atmos.196501-196912.hght,/archive/oar.gfdl.cmip6/ESM4/DECK/ESM4_historical_D1/gfdl.ncrc4-intel16-prod-openmp/pp/atmos/ts/monthly/5yr/atmos.196501-196912.hght.nc
gfdl.ncrc4-intel16-prod-openmp,GFDL,DECK,atmos,omega,,gfdl.ncrc4-intel16-prod-openmp,ESM4,ESM4_historical_D1,,,196501-196912,5yr,mon,omega,,atmos.196501-196912.omega,/archive/oar.gfdl.cmip6/ESM4/DECK/ESM4_historical_D1/gfdl.ncrc4-intel16-prod-openmp/pp/atmos/ts/monthly/5yr/atmos.196501-196912.omega.nc
gfdl.ncrc4-intel16-prod-openmp,GFDL,DECK,atmos,slp,,gfdl.ncrc4-intel16-prod-openmp,ESM4,ESM4_historical_D1,,,196501-196912,5yr,mon,slp,,atmos.196501-196912.slp,/archive/oar.gfdl.cmip6/ESM4/DECK/ESM4_historical_D1/gfdl.ncrc4-intel16-prod-openmp/pp/atmos/ts/monthly/5yr/atmos.196501-196912.slp.nc
gfdl.ncrc4-intel16-prod-openmp,GFDL,DECK,atmos,t_ref,,gfdl.ncrc4-intel16-prod-openmp,ESM4,ESM4_historical_D1,,,196501-196912,5yr,mon,t_ref,,atmos.196501-196912.t_ref,/archive/oar.gfdl.cmip6/ESM4/DECK/ESM4_historical_D1/gfdl.ncrc4-intel16-prod-openmp/pp/atmos/ts/monthly/5yr/atmos.196501-196912.t_ref.nc
gfdl.ncrc4-intel16-prod-openmp,GFDL,DECK,atmos,t_surf,,gfdl.ncrc4-intel16-prod-openmp,ESM4,ESM4_historical_D1,,,196501-196912,5yr,mon,t_surf,,atmos.196501-196912.t_surf,/archive/oar.gfdl.cmip6/ESM4/DECK/ESM4_historical_D1/gfdl.ncrc4-intel16-prod-openmp/pp/atmos/ts/monthly/5yr/atmos.196501-196912.t_surf.nc
gfdl.ncrc4-intel16-prod-openmp,GFDL,DECK,atmos,temp,,gfdl.ncrc4-intel16-prod-openmp,ESM4,ESM4_historical_D1,,,196501-196912,5yr,mon,temp,,atmos.196501-196912.temp,/archive/oar.gfdl.cmip6/ESM4/DECK/ESM4_historical_D1/gfdl.ncrc4-intel16-prod-openmp/pp/atmos/ts/monthly/5yr/atmos.196501-196912.temp.nc
gfdl.ncrc4-intel16-prod-openmp,GFDL,DECK,atmos,ucomp,,gfdl.ncrc4-intel16-prod-openmp,ESM4,ESM4_historical_D1,,,196501-196912,5yr,mon,ucomp,,atmos.196501-196912.ucomp,/archive/oar.gfdl.cmip6/ESM4/DECK/ESM4_historical_D1/gfdl.ncrc4-intel16-prod-openmp/pp/atmos/ts/monthly/5yr/atmos.196501-196912.ucomp.nc
gfdl.ncrc4-intel16-prod-openmp,GFDL,DECK,atmos,vcomp,,gfdl.ncrc4-intel16-prod-openmp,ESM4,ESM4_historical_D1,,,196501-196912,5yr,mon,vcomp,,atmos.196501-196912.vcomp,/archive/oar.gfdl.cmip6/ESM4/DECK/ESM4_historical_D1/gfdl.ncrc4-intel16-prod-openmp/pp/atmos/ts/monthly/5yr/atmos.196501-196912.vcomp.nc
gfdl.ncrc4-intel16-prod-openmp,GFDL,DECK,atmos,hght,,gfdl.ncrc4-intel16-prod-openmp,ESM4,ESM4_historical_D1,,,197001-197412,5yr,mon,hght,,atmos.197001-197412.hght,/archive/oar.gfdl.cmip6/ESM4/DECK/ESM4_historical_D1/gfdl.ncrc4-intel16-prod-openmp/pp/atmos/ts/monthly/5yr/atmos.197001-197412.hght.nc
gfdl.ncrc4-intel16-prod-openmp,GFDL,DECK,atmos,omega,,gfdl.ncrc4-intel16-prod-openmp,ESM4,ESM4_historical_D1,,,197001-197412,5yr,mon,omega,,atmos.197001-197412.omega,/archive/oar.gfdl.cmip6/ESM4/DECK/ESM4_historical_D1/gfdl.ncrc4-intel16-prod-openmp/pp/atmos/ts/monthly/5yr/atmos.197001-197412.omega.nc
gfdl.ncrc4-intel16-prod-openmp,GFDL,DECK,atmos,slp,,gfdl.ncrc4-intel16-prod-openmp,ESM4,ESM4_historical_D1,,,197001-197412,5yr,mon,slp,,atmos.197001-197412.slp,/archive/oar.gfdl.cmip6/ESM4/DECK/ESM4_historical_D1/gfdl.ncrc4-intel16-prod-openmp/pp/atmos/ts/monthly/5yr/atmos.197001-197412.slp.nc
gfdl.ncrc4-intel16-prod-openmp,GFDL,DECK,atmos,t_ref,,gfdl.ncrc4-intel16-prod-openmp,ESM4,ESM4_historical_D1,,,197001-197412,5yr,mon,t_ref,,atmos.197001-197412.t_ref,/archive/oar.gfdl.cmip6/ESM4/DECK/ESM4_historical_D1/gfdl.ncrc4-intel16-prod-openmp/pp/atmos/ts/monthly/5yr/atmos.197001-197412.t_ref.nc
gfdl.ncrc4-intel16-prod-openmp,GFDL,DECK,atmos,t_surf,,gfdl.ncrc4-intel16-prod-openmp,ESM4,ESM4_historical_D1,,,197001-197412,5yr,mon,t_surf,,atmos.197001-197412.t_surf,/archive/oar.gfdl.cmip6/ESM4/DECK/ESM4_historical_D1/gfdl.ncrc4-intel16-prod-openmp/pp/atmos/ts/monthly/5yr/atmos.197001-197412.t_surf.nc
gfdl.ncrc4-intel16-prod-openmp,GFDL,DECK,atmos,temp,,gfdl.ncrc4-intel16-prod-openmp,ESM4,ESM4_historical_D1,,,197001-197412,5yr,mon,temp,,atmos.197001-197412.temp,/archive/oar.gfdl.cmip6/ESM4/DECK/ESM4_historical_D1/gfdl.ncrc4-intel16-prod-openmp/pp/atmos/ts/monthly/5yr/atmos.197001-197412.temp.nc
gfdl.ncrc4-intel16-prod-openmp,GFDL,DECK,atmos,ucomp,,gfdl.ncrc4-intel16-prod-openmp,ESM4,ESM4_historical_D1,,,197001-197412,5yr,mon,ucomp,,atmos.197001-197412.ucomp,/archive/oar.gfdl.cmip6/ESM4/DECK/ESM4_historical_D1/gfdl.ncrc4-intel16-prod-openmp/pp/atmos/ts/monthly/5yr/atmos.197001-197412.ucomp.nc
gfdl.ncrc4-intel16-prod-openmp,GFDL,DECK,atmos,vcomp,,gfdl.ncrc4-intel16-prod-openmp,ESM4,ESM4_historical_D1,,,197001-197412,5yr,mon,vcomp,,atmos.197001-197412.vcomp,/archive/oar.gfdl.cmip6/ESM4/DECK/ESM4_historical_D1/gfdl.ncrc4-intel16-prod-openmp/pp/atmos/ts/monthly/5yr/atmos.197001-197412.vcomp.nc
gfdl.ncrc4-intel16-prod-openmp,GFDL,DECK,atmos,hght,,gfdl.ncrc4-intel16-prod-openmp,ESM4,ESM4_historical_D1,,,197501-197912,5yr,mon,hght,,atmos.197501-197912.hght,/archive/oar.gfdl.cmip6/ESM4/DECK/ESM4_historical_D1/gfdl.ncrc4-intel16-prod-openmp/pp/atmos/ts/monthly/5yr/atmos.197501-197912.hght.nc
gfdl.ncrc4-intel16-prod-openmp,GFDL,DECK,atmos,omega,,gfdl.ncrc4-intel16-prod-openmp,ESM4,ESM4_historical_D1,,,197501-197912,5yr,mon,omega,,atmos.197501-197912.omega,/archive/oar.gfdl.cmip6/ESM4/DECK/ESM4_historical_D1/gfdl.ncrc4-intel16-prod-openmp/pp/atmos/ts/monthly/5yr/atmos.197501-197912.omega.nc
gfdl.ncrc4-intel16-prod-openmp,GFDL,DECK,atmos,slp,,gfdl.ncrc4-intel16-prod-openmp,ESM4,ESM4_historical_D1,,,197501-197912,5yr,mon,slp,,atmos.197501-197912.slp,/archive/oar.gfdl.cmip6/ESM4/DECK/ESM4_historical_D1/gfdl.ncrc4-intel16-prod-openmp/pp/atmos/ts/monthly/5yr/atmos.197501-197912.slp.nc
gfdl.ncrc4-intel16-prod-openmp,GFDL,DECK,atmos,t_ref,,gfdl.ncrc4-intel16-prod-openmp,ESM4,ESM4_historical_D1,,,197501-197912,5yr,mon,t_ref,,atmos.197501-197912.t_ref,/archive/oar.gfdl.cmip6/ESM4/DECK/ESM4_historical_D1/gfdl.ncrc4-intel16-prod-openmp/pp/atmos/ts/monthly/5yr/atmos.197501-197912.t_ref.nc
gfdl.ncrc4-intel16-prod-openmp,GFDL,DECK,atmos,t_surf,,gfdl.ncrc4-intel16-prod-openmp,ESM4,ESM4_historical_D1,,,197501-197912,5yr,mon,t_surf,,atmos.197501-197912.t_surf,/archive/oar.gfdl.cmip6/ESM4/DECK/ESM4_historical_D1/gfdl.ncrc4-intel16-prod-openmp/pp/atmos/ts/monthly/5yr/atmos.197501-197912.t_surf.nc
gfdl.ncrc4-intel16-prod-openmp,GFDL,DECK,atmos,temp,,gfdl.ncrc4-intel16-prod-openmp,ESM4,ESM4_historical_D1,,,197501-197912,5yr,mon,temp,,atmos.197501-197912.temp,/archive/oar.gfdl.cmip6/ESM4/DECK/ESM4_historical_D1/gfdl.ncrc4-intel16-prod-openmp/pp/atmos/ts/monthly/5yr/atmos.197501-197912.temp.nc
gfdl.ncrc4-intel16-prod-openmp,GFDL,DECK,atmos,ucomp,,gfdl.ncrc4-intel16-prod-openmp,ESM4,ESM4_historical_D1,,,197501-197912,5yr,mon,ucomp,,atmos.197501-197912.ucomp,/archive/oar.gfdl.cmip6/ESM4/DECK/ESM4_historical_D1/gfdl.ncrc4-intel16-prod-openmp/pp/atmos/ts/monthly/5yr/atmos.197501-197912.ucomp.nc
gfdl.ncrc4-intel16-prod-openmp,GFDL,DECK,atmos,vcomp,,gfdl.ncrc4-intel16-prod-openmp,ESM4,ESM4_historical_D1,,,197501-197912,5yr,mon,vcomp,,atmos.197501-197912.vcomp,/archive/oar.gfdl.cmip6/ESM4/DECK/ESM4_historical_D1/gfdl.ncrc4-intel16-prod-openmp/pp/atmos/ts/monthly/5yr/atmos.197501-197912.vcomp.nc
gfdl.ncrc4-intel16-prod-openmp,GFDL,DECK,atmos,hght,,gfdl.ncrc4-intel16-prod-openmp,ESM4,ESM4_historical_D1,,,198001-198412,5yr,mon,hght,,atmos.198001-198412.hght,/archive/oar.gfdl.cmip6/ESM4/DECK/ESM4_historical_D1/gfdl.ncrc4-intel16-prod-openmp/pp/atmos/ts/monthly/5yr/atmos.198001-198412.hght.nc
gfdl.ncrc4-intel16-prod-openmp,GFDL,DECK,atmos,omega,,gfdl.ncrc4-intel16-prod-openmp,ESM4,ESM4_historical_D1,,,198001-198412,5yr,mon,omega,,atmos.198001-198412.omega,/archive/oar.gfdl.cmip6/ESM4/DECK/ESM4_historical_D1/gfdl.ncrc4-intel16-prod-openmp/pp/atmos/ts/monthly/5yr/atmos.198001-198412.omega.nc
gfdl.ncrc4-intel16-prod-openmp,GFDL,DECK,atmos,slp,,gfdl.ncrc4-intel16-prod-openmp,ESM4,ESM4_historical_D1,,,198001-198412,5yr,mon,slp,,atmos.198001-198412.slp,/archive/oar.gfdl.cmip6/ESM4/DECK/ESM4_historical_D1/gfdl.ncrc4-intel16-prod-openmp/pp/atmos/ts/monthly/5yr/atmos.198001-198412.slp.nc
gfdl.ncrc4-intel16-prod-openmp,GFDL,DECK,atmos,t_ref,,gfdl.ncrc4-intel16-prod-openmp,ESM4,ESM4_historical_D1,,,198001-198412,5yr,mon,t_ref,,atmos.198001-198412.t_ref,/archive/oar.gfdl.cmip6/ESM4/DECK/ESM4_historical_D1/gfdl.ncrc4-intel16-prod-openmp/pp/atmos/ts/monthly/5yr/atmos.198001-198412.t_ref.nc
gfdl.ncrc4-intel16-prod-openmp,GFDL,DECK,atmos,t_surf,,gfdl.ncrc4-intel16-prod-openmp,ESM4,ESM4_historical_D1,,,198001-198412,5yr,mon,t_surf,,atmos.198001-198412.t_surf,/archive/oar.gfdl.cmip6/ESM4/DECK/ESM4_historical_D1/gfdl.ncrc4-intel16-prod-openmp/pp/atmos/ts/monthly/5yr/atmos.198001-198412.t_surf.nc
gfdl.ncrc4-intel16-prod-openmp,GFDL,DECK,atmos,temp,,gfdl.ncrc4-intel16-prod-openmp,ESM4,ESM4_historical_D1,,,198001-198412,5yr,mon,temp,,atmos.198001-198412.temp,/archive/oar.gfdl.cmip6/ESM4/DECK/ESM4_historical_D1/gfdl.ncrc4-intel16-prod-openmp/pp/atmos/ts/monthly/5yr/atmos.198001-198412.temp.nc
gfdl.ncrc4-intel16-prod-openmp,GFDL,DECK,atmos,ucomp,,gfdl.ncrc4-intel16-prod-openmp,ESM4,ESM4_historical_D1,,,198001-198412,5yr,mon,ucomp,,atmos.198001-198412.ucomp,/archive/oar.gfdl.cmip6/ESM4/DECK/ESM4_historical_D1/gfdl.ncrc4-intel16-prod-openmp/pp/atmos/ts/monthly/5yr/atmos.198001-198412.ucomp.nc
gfdl.ncrc4-intel16-prod-openmp,GFDL,DECK,atmos,vcomp,,gfdl.ncrc4-intel16-prod-openmp,ESM4,ESM4_historical_D1,,,198001-198412,5yr,mon,vcomp,,atmos.198001-198412.vcomp,/archive/oar.gfdl.cmip6/ESM4/DECK/ESM4_historical_D1/gfdl.ncrc4-intel16-prod-openmp/pp/atmos/ts/monthly/5yr/atmos.198001-198412.vcomp.nc
gfdl.ncrc4-intel16-prod-openmp,GFDL,DECK,atmos,hght,,gfdl.ncrc4-intel16-prod-openmp,ESM4,ESM4_historical_D1,,,198501-198912,5yr,mon,hght,,atmos.198501-198912.hght,/archive/oar.gfdl.cmip6/ESM4/DECK/ESM4_historical_D1/gfdl.ncrc4-intel16-prod-openmp/pp/atmos/ts/monthly/5yr/atmos.198501-198912.hght.nc
gfdl.ncrc4-intel16-prod-openmp,GFDL,DECK,atmos,omega,,gfdl.ncrc4-intel16-prod-openmp,ESM4,ESM4_historical_D1,,,198501-198912,5yr,mon,omega,,atmos.198501-198912.omega,/archive/oar.gfdl.cmip6/ESM4/DECK/ESM4_historical_D1/gfdl.ncrc4-intel16-prod-openmp/pp/atmos/ts/monthly/5yr/atmos.198501-198912.omega.nc
gfdl.ncrc4-intel16-prod-openmp,GFDL,DECK,atmos,slp,,gfdl.ncrc4-intel16-prod-openmp,ESM4,ESM4_historical_D1,,,198501-198912,5yr,mon,slp,,atmos.198501-198912.slp,/archive/oar.gfdl.cmip6/ESM4/DECK/ESM4_historical_D1/gfdl.ncrc4-intel16-prod-openmp/pp/atmos/ts/monthly/5yr/atmos.198501-198912.slp.nc
gfdl.ncrc4-intel16-prod-openmp,GFDL,DECK,atmos,t_ref,,gfdl.ncrc4-intel16-prod-openmp,ESM4,ESM4_historical_D1,,,198501-198912,5yr,mon,t_ref,,atmos.198501-198912.t_ref,/archive/oar.gfdl.cmip6/ESM4/DECK/ESM4_historical_D1/gfdl.ncrc4-intel16-prod-openmp/pp/atmos/ts/monthly/5yr/atmos.198501-198912.t_ref.nc
gfdl.ncrc4-intel16-prod-openmp,GFDL,DECK,atmos,t_surf,,gfdl.ncrc4-intel16-prod-openmp,ESM4,ESM4_historical_D1,,,198501-198912,5yr,mon,t_surf,,atmos.198501-198912.t_surf,/archive/oar.gfdl.cmip6/ESM4/DECK/ESM4_historical_D1/gfdl.ncrc4-intel16-prod-openmp/pp/atmos/ts/monthly/5yr/atmos.198501-198912.t_surf.nc
gfdl.ncrc4-intel16-prod-openmp,GFDL,DECK,atmos,temp,,gfdl.ncrc4-intel16-prod-openmp,ESM4,ESM4_historical_D1,,,198501-198912,5yr,mon,temp,,atmos.198501-198912.temp,/archive/oar.gfdl.cmip6/ESM4/DECK/ESM4_historical_D1/gfdl.ncrc4-intel16-prod-openmp/pp/atmos/ts/monthly/5yr/atmos.198501-198912.temp.nc
gfdl.ncrc4-intel16-prod-openmp,GFDL,DECK,atmos,ucomp,,gfdl.ncrc4-intel16-prod-openmp,ESM4,ESM4_historical_D1,,,198501-198912,5yr,mon,ucomp,,atmos.198501-198912.ucomp,/archive/oar.gfdl.cmip6/ESM4/DECK/ESM4_historical_D1/gfdl.ncrc4-intel16-prod-openmp/pp/atmos/ts/monthly/5yr/atmos.198501-198912.ucomp.nc
gfdl.ncrc4-intel16-prod-openmp,GFDL,DECK,atmos,vcomp,,gfdl.ncrc4-intel16-prod-openmp,ESM4,ESM4_historical_D1,,,198501-198912,5yr,mon,vcomp,,atmos.198501-198912.vcomp,/archive/oar.gfdl.cmip6/ESM4/DECK/ESM4_historical_D1/gfdl.ncrc4-intel16-prod-openmp/pp/atmos/ts/monthly/5yr/atmos.198501-198912.vcomp.nc
gfdl.ncrc4-intel16-prod-openmp,GFDL,DECK,atmos,hght,,gfdl.ncrc4-intel16-prod-openmp,ESM4,ESM4_historical_D1,,,199001-199412,5yr,mon,hght,,atmos.199001-199412.hght,/archive/oar.gfdl.cmip6/ESM4/DECK/ESM4_historical_D1/gfdl.ncrc4-intel16-prod-openmp/pp/atmos/ts/monthly/5yr/atmos.199001-199412.hght.nc
gfdl.ncrc4-intel16-prod-openmp,GFDL,DECK,atmos,omega,,gfdl.ncrc4-intel16-prod-openmp,ESM4,ESM4_historical_D1,,,199001-199412,5yr,mon,omega,,atmos.199001-199412.omega,/archive/oar.gfdl.cmip6/ESM4/DECK/ESM4_historical_D1/gfdl.ncrc4-intel16-prod-openmp/pp/atmos/ts/monthly/5yr/atmos.199001-199412.omega.nc
gfdl.ncrc4-intel16-prod-openmp,GFDL,DECK,atmos,slp,,gfdl.ncrc4-intel16-prod-openmp,ESM4,ESM4_historical_D1,,,199001-199412,5yr,mon,slp,,atmos.199001-199412.slp,/archive/oar.gfdl.cmip6/ESM4/DECK/ESM4_historical_D1/gfdl.ncrc4-intel16-prod-openmp/pp/atmos/ts/monthly/5yr/atmos.199001-199412.slp.nc
gfdl.ncrc4-intel16-prod-openmp,GFDL,DECK,atmos,t_ref,,gfdl.ncrc4-intel16-prod-openmp,ESM4,ESM4_historical_D1,,,199001-199412,5yr,mon,t_ref,,atmos.199001-199412.t_ref,/archive/oar.gfdl.cmip6/ESM4/DECK/ESM4_historical_D1/gfdl.ncrc4-intel16-prod-openmp/pp/atmos/ts/monthly/5yr/atmos.199001-199412.t_ref.nc
gfdl.ncrc4-intel16-prod-openmp,GFDL,DECK,atmos,t_surf,,gfdl.ncrc4-intel16-prod-openmp,ESM4,ESM4_historical_D1,,,199001-199412,5yr,mon,t_surf,,atmos.199001-199412.t_surf,/archive/oar.gfdl.cmip6/ESM4/DECK/ESM4_historical_D1/gfdl.ncrc4-intel16-prod-openmp/pp/atmos/ts/monthly/5yr/atmos.199001-199412.t_surf.nc
gfdl.ncrc4-intel16-prod-openmp,GFDL,DECK,atmos,temp,,gfdl.ncrc4-intel16-prod-openmp,ESM4,ESM4_historical_D1,,,199001-199412,5yr,mon,temp,,atmos.199001-199412.temp,/archive/oar.gfdl.cmip6/ESM4/DECK/ESM4_historical_D1/gfdl.ncrc4-intel16-prod-openmp/pp/atmos/ts/monthly/5yr/atmos.199001-199412.temp.nc
gfdl.ncrc4-intel16-prod-openmp,GFDL,DECK,atmos,ucomp,,gfdl.ncrc4-intel16-prod-openmp,ESM4,ESM4_historical_D1,,,199001-199412,5yr,mon,ucomp,,atmos.199001-199412.ucomp,/archive/oar.gfdl.cmip6/ESM4/DECK/ESM4_historical_D1/gfdl.ncrc4-intel16-prod-openmp/pp/atmos/ts/monthly/5yr/atmos.199001-199412.ucomp.nc
gfdl.ncrc4-intel16-prod-openmp,GFDL,DECK,atmos,vcomp,,gfdl.ncrc4-intel16-prod-openmp,ESM4,ESM4_historical_D1,,,199001-199412,5yr,mon,vcomp,,atmos.199001-199412.vcomp,/archive/oar.gfdl.cmip6/ESM4/DECK/ESM4_historical_D1/gfdl.ncrc4-intel16-prod-openmp/pp/atmos/ts/monthly/5yr/atmos.199001-199412.vcomp.nc
gfdl.ncrc4-intel16-prod-openmp,GFDL,DECK,atmos,hght,,gfdl.ncrc4-intel16-prod-openmp,ESM4,ESM4_historical_D1,,,199501-199912,5yr,mon,hght,,atmos.199501-199912.hght,/archive/oar.gfdl.cmip6/ESM4/DECK/ESM4_historical_D1/gfdl.ncrc4-intel16-prod-openmp/pp/atmos/ts/monthly/5yr/atmos.199501-199912.hght.nc
gfdl.ncrc4-intel16-prod-openmp,GFDL,DECK,atmos,omega,,gfdl.ncrc4-intel16-prod-openmp,ESM4,ESM4_historical_D1,,,199501-199912,5yr,mon,omega,,atmos.199501-199912.omega,/archive/oar.gfdl.cmip6/ESM4/DECK/ESM4_historical_D1/gfdl.ncrc4-intel16-prod-openmp/pp/atmos/ts/monthly/5yr/atmos.199501-199912.omega.nc
gfdl.ncrc4-intel16-prod-openmp,GFDL,DECK,atmos,slp,,gfdl.ncrc4-intel16-prod-openmp,ESM4,ESM4_historical_D1,,,199501-199912,5yr,mon,slp,,atmos.199501-199912.slp,/archive/oar.gfdl.cmip6/ESM4/DECK/ESM4_historical_D1/gfdl.ncrc4-intel16-prod-openmp/pp/atmos/ts/monthly/5yr/atmos.199501-199912.slp.nc
gfdl.ncrc4-intel16-prod-openmp,GFDL,DECK,atmos,t_ref,,gfdl.ncrc4-intel16-prod-openmp,ESM4,ESM4_historical_D1,,,199501-199912,5yr,mon,t_ref,,atmos.199501-199912.t_ref,/archive/oar.gfdl.cmip6/ESM4/DECK/ESM4_historical_D1/gfdl.ncrc4-intel16-prod-openmp/pp/atmos/ts/monthly/5yr/atmos.199501-199912.t_ref.nc
gfdl.ncrc4-intel16-prod-openmp,GFDL,DECK,atmos,t_surf,,gfdl.ncrc4-intel16-prod-openmp,ESM4,ESM4_historical_D1,,,199501-199912,5yr,mon,t_surf,,atmos.199501-199912.t_surf,/archive/oar.gfdl.cmip6/ESM4/DECK/ESM4_historical_D1/gfdl.ncrc4-intel16-prod-openmp/pp/atmos/ts/monthly/5yr/atmos.199501-199912.t_surf.nc
gfdl.ncrc4-intel16-prod-openmp,GFDL,DECK,atmos,temp,,gfdl.ncrc4-intel16-prod-openmp,ESM4,ESM4_historical_D1,,,199501-199912,5yr,mon,temp,,atmos.199501-199912.temp,/archive/oar.gfdl.cmip6/ESM4/DECK/ESM4_historical_D1/gfdl.ncrc4-intel16-prod-openmp/pp/atmos/ts/monthly/5yr/atmos.199501-199912.temp.nc
gfdl.ncrc4-intel16-prod-openmp,GFDL,DECK,atmos,ucomp,,gfdl.ncrc4-intel16-prod-openmp,ESM4,ESM4_historical_D1,,,199501-199912,5yr,mon,ucomp,,atmos.199501-199912.ucomp,/archive/oar.gfdl.cmip6/ESM4/DECK/ESM4_historical_D1/gfdl.ncrc4-intel16-prod-openmp/pp/atmos/ts/monthly/5yr/atmos.199501-199912.ucomp.nc
gfdl.ncrc4-intel16-prod-openmp,GFDL,DECK,atmos,vcomp,,gfdl.ncrc4-intel16-prod-openmp,ESM4,ESM4_historical_D1,,,199501-199912,5yr,mon,vcomp,,atmos.199501-199912.vcomp,/archive/oar.gfdl.cmip6/ESM4/DECK/ESM4_historical_D1/gfdl.ncrc4-intel16-prod-openmp/pp/atmos/ts/monthly/5yr/atmos.199501-199912.vcomp.nc
gfdl.ncrc4-intel16-prod-openmp,GFDL,DECK,atmos,hght,,gfdl.ncrc4-intel16-prod-openmp,ESM4,ESM4_historical_D1,,,200001-200412,5yr,mon,hght,,atmos.200001-200412.hght,/archive/oar.gfdl.cmip6/ESM4/DECK/ESM4_historical_D1/gfdl.ncrc4-intel16-prod-openmp/pp/atmos/ts/monthly/5yr/atmos.200001-200412.hght.nc
gfdl.ncrc4-intel16-prod-openmp,GFDL,DECK,atmos,omega,,gfdl.ncrc4-intel16-prod-openmp,ESM4,ESM4_historical_D1,,,200001-200412,5yr,mon,omega,,atmos.200001-200412.omega,/archive/oar.gfdl.cmip6/ESM4/DECK/ESM4_historical_D1/gfdl.ncrc4-intel16-prod-openmp/pp/atmos/ts/monthly/5yr/atmos.200001-200412.omega.nc
gfdl.ncrc4-intel16-prod-openmp,GFDL,DECK,atmos,slp,,gfdl.ncrc4-intel16-prod-openmp,ESM4,ESM4_historical_D1,,,200001-200412,5yr,mon,slp,,atmos.200001-200412.slp,/archive/oar.gfdl.cmip6/ESM4/DECK/ESM4_historical_D1/gfdl.ncrc4-intel16-prod-openmp/pp/atmos/ts/monthly/5yr/atmos.200001-200412.slp.nc
gfdl.ncrc4-intel16-prod-openmp,GFDL,DECK,atmos,t_ref,,gfdl.ncrc4-intel16-prod-openmp,ESM4,ESM4_historical_D1,,,200001-200412,5yr,mon,t_ref,,atmos.200001-200412.t_ref,/archive/oar.gfdl.cmip6/ESM4/DECK/ESM4_historical_D1/gfdl.ncrc4-intel16-prod-openmp/pp/atmos/ts/monthly/5yr/atmos.200001-200412.t_ref.nc
gfdl.ncrc4-intel16-prod-openmp,GFDL,DECK,atmos,t_surf,,gfdl.ncrc4-intel16-prod-openmp,ESM4,ESM4_historical_D1,,,200001-200412,5yr,mon,t_surf,,atmos.200001-200412.t_surf,/archive/oar.gfdl.cmip6/ESM4/DECK/ESM4_historical_D1/gfdl.ncrc4-intel16-prod-openmp/pp/atmos/ts/monthly/5yr/atmos.200001-200412.t_surf.nc
gfdl.ncrc4-intel16-prod-openmp,GFDL,DECK,atmos,temp,,gfdl.ncrc4-intel16-prod-openmp,ESM4,ESM4_historical_D1,,,200001-200412,5yr,mon,temp,,atmos.200001-200412.temp,/archive/oar.gfdl.cmip6/ESM4/DECK/ESM4_historical_D1/gfdl.ncrc4-intel16-prod-openmp/pp/atmos/ts/monthly/5yr/atmos.200001-200412.temp.nc
gfdl.ncrc4-intel16-prod-openmp,GFDL,DECK,atmos,ucomp,,gfdl.ncrc4-intel16-prod-openmp,ESM4,ESM4_historical_D1,,,200001-200412,5yr,mon,ucomp,,atmos.200001-200412.ucomp,/archive/oar.gfdl.cmip6/ESM4/DECK/ESM4_historical_D1/gfdl.ncrc4-intel16-prod-openmp/pp/atmos/ts/monthly/5yr/atmos.200001-200412.ucomp.nc
gfdl.ncrc4-intel16-prod-openmp,GFDL,DECK,atmos,vcomp,,gfdl.ncrc4-intel16-prod-openmp,ESM4,ESM4_historical_D1,,,200001-200412,5yr,mon,vcomp,,atmos.200001-200412.vcomp,/archive/oar.gfdl.cmip6/ESM4/DECK/ESM4_historical_D1/gfdl.ncrc4-intel16-prod-openmp/pp/atmos/ts/monthly/5yr/atmos.200001-200412.vcomp.nc
gfdl.ncrc4-intel16-prod-openmp,GFDL,DECK,atmos,hght,,gfdl.ncrc4-intel16-prod-openmp,ESM4,ESM4_historical_D1,,,200501-200912,5yr,mon,hght,,atmos.200501-200912.hght,/archive/oar.gfdl.cmip6/ESM4/DECK/ESM4_historical_D1/gfdl.ncrc4-intel16-prod-openmp/pp/atmos/ts/monthly/5yr/atmos.200501-200912.hght.nc
gfdl.ncrc4-intel16-prod-openmp,GFDL,DECK,atmos,omega,,gfdl.ncrc4-intel16-prod-openmp,ESM4,ESM4_historical_D1,,,200501-200912,5yr,mon,omega,,atmos.200501-200912.omega,/archive/oar.gfdl.cmip6/ESM4/DECK/ESM4_historical_D1/gfdl.ncrc4-intel16-prod-openmp/pp/atmos/ts/monthly/5yr/atmos.200501-200912.omega.nc
gfdl.ncrc4-intel16-prod-openmp,GFDL,DECK,atmos,slp,,gfdl.ncrc4-intel16-prod-openmp,ESM4,ESM4_historical_D1,,,200501-200912,5yr,mon,slp,,atmos.200501-200912.slp,/archive/oar.gfdl.cmip6/ESM4/DECK/ESM4_historical_D1/gfdl.ncrc4-intel16-prod-openmp/pp/atmos/ts/monthly/5yr/atmos.200501-200912.slp.nc
gfdl.ncrc4-intel16-prod-openmp,GFDL,DECK,atmos,t_ref,,gfdl.ncrc4-intel16-prod-openmp,ESM4,ESM4_historical_D1,,,200501-200912,5yr,mon,t_ref,,atmos.200501-200912.t_ref,/archive/oar.gfdl.cmip6/ESM4/DECK/ESM4_historical_D1/gfdl.ncrc4-intel16-prod-openmp/pp/atmos/ts/monthly/5yr/atmos.200501-200912.t_ref.nc
gfdl.ncrc4-intel16-prod-openmp,GFDL,DECK,atmos,t_surf,,gfdl.ncrc4-intel16-prod-openmp,ESM4,ESM4_historical_D1,,,200501-200912,5yr,mon,t_surf,,atmos.200501-200912.t_surf,/archive/oar.gfdl.cmip6/ESM4/DECK/ESM4_historical_D1/gfdl.ncrc4-intel16-prod-openmp/pp/atmos/ts/monthly/5yr/atmos.200501-200912.t_surf.nc
gfdl.ncrc4-intel16-prod-openmp,GFDL,DECK,atmos,temp,,gfdl.ncrc4-intel16-prod-openmp,ESM4,ESM4_historical_D1,,,200501-200912,5yr,mon,temp,,atmos.200501-200912.temp,/archive/oar.gfdl.cmip6/ESM4/DECK/ESM4_historical_D1/gfdl.ncrc4-intel16-prod-openmp/pp/atmos/ts/monthly/5yr/atmos.200501-200912.temp.nc
gfdl.ncrc4-intel16-prod-openmp,GFDL,DECK,atmos,ucomp,,gfdl.ncrc4-intel16-prod-openmp,ESM4,ESM4_historical_D1,,,200501-200912,5yr,mon,ucomp,,atmos.200501-200912.ucomp,/archive/oar.gfdl.cmip6/ESM4/DECK/ESM4_historical_D1/gfdl.ncrc4-intel16-prod-openmp/pp/atmos/ts/monthly/5yr/atmos.200501-200912.ucomp.nc
gfdl.ncrc4-intel16-prod-openmp,GFDL,DECK,atmos,vcomp,,gfdl.ncrc4-intel16-prod-openmp,ESM4,ESM4_historical_D1,,,200501-200912,5yr,mon,vcomp,,atmos.200501-200912.vcomp,/archive/oar.gfdl.cmip6/ESM4/DECK/ESM4_historical_D1/gfdl.ncrc4-intel16-prod-openmp/pp/atmos/ts/monthly/5yr/atmos.200501-200912.vcomp.nc
gfdl.ncrc4-intel16-prod-openmp,GFDL,DECK,atmos,hght,,gfdl.ncrc4-intel16-prod-openmp,ESM4,ESM4_historical_D1,,,201001-201412,5yr,mon,hght,,atmos.201001-201412.hght,/archive/oar.gfdl.cmip6/ESM4/DECK/ESM4_historical_D1/gfdl.ncrc4-intel16-prod-openmp/pp/atmos/ts/monthly/5yr/atmos.201001-201412.hght.nc
gfdl.ncrc4-intel16-prod-openmp,GFDL,DECK,atmos,omega,,gfdl.ncrc4-intel16-prod-openmp,ESM4,ESM4_historical_D1,,,201001-201412,5yr,mon,omega,,atmos.201001-201412.omega,/archive/oar.gfdl.cmip6/ESM4/DECK/ESM4_historical_D1/gfdl.ncrc4-intel16-prod-openmp/pp/atmos/ts/monthly/5yr/atmos.201001-201412.omega.nc
gfdl.ncrc4-intel16-prod-openmp,GFDL,DECK,atmos,slp,,gfdl.ncrc4-intel16-prod-openmp,ESM4,ESM4_historical_D1,,,201001-201412,5yr,mon,slp,,atmos.201001-201412.slp,/archive/oar.gfdl.cmip6/ESM4/DECK/ESM4_historical_D1/gfdl.ncrc4-intel16-prod-openmp/pp/atmos/ts/monthly/5yr/atmos.201001-201412.slp.nc
gfdl.ncrc4-intel16-prod-openmp,GFDL,DECK,atmos,t_ref,,gfdl.ncrc4-intel16-prod-openmp,ESM4,ESM4_historical_D1,,,201001-201412,5yr,mon,t_ref,,atmos.201001-201412.t_ref,/archive/oar.gfdl.cmip6/ESM4/DECK/ESM4_historical_D1/gfdl.ncrc4-intel16-prod-openmp/pp/atmos/ts/monthly/5yr/atmos.201001-201412.t_ref.nc
gfdl.ncrc4-intel16-prod-openmp,GFDL,DECK,atmos,t_surf,,gfdl.ncrc4-intel16-prod-openmp,ESM4,ESM4_historical_D1,,,201001-201412,5yr,mon,t_surf,,atmos.201001-201412.t_surf,/archive/oar.gfdl.cmip6/ESM4/DECK/ESM4_historical_D1/gfdl.ncrc4-intel16-prod-openmp/pp/atmos/ts/monthly/5yr/atmos.201001-201412.t_surf.nc
gfdl.ncrc4-intel16-prod-openmp,GFDL,DECK,atmos,temp,,gfdl.ncrc4-intel16-prod-openmp,ESM4,ESM4_historical_D1,,,201001-201412,5yr,mon,temp,,atmos.201001-201412.temp,/archive/oar.gfdl.cmip6/ESM4/DECK/ESM4_historical_D1/gfdl.ncrc4-intel16-prod-openmp/pp/atmos/ts/monthly/5yr/atmos.201001-201412.temp.nc
gfdl.ncrc4-intel16-prod-openmp,GFDL,DECK,atmos,ucomp,,gfdl.ncrc4-intel16-prod-openmp,ESM4,ESM4_historical_D1,,,201001-201412,5yr,mon,ucomp,,atmos.201001-201412.ucomp,/archive/oar.gfdl.cmip6/ESM4/DECK/ESM4_historical_D1/gfdl.ncrc4-intel16-prod-openmp/pp/atmos/ts/monthly/5yr/atmos.201001-201412.ucomp.nc
gfdl.ncrc4-intel16-prod-openmp,GFDL,DECK,atmos,vcomp,,gfdl.ncrc4-intel16-prod-openmp,ESM4,ESM4_historical_D1,,,201001-201412,5yr,mon,vcomp,,atmos.201001-201412.vcomp,/archive/oar.gfdl.cmip6/ESM4/DECK/ESM4_historical_D1/gfdl.ncrc4-intel16-prod-openmp/pp/atmos/ts/monthly/5yr/atmos.201001-201412.vcomp.nc
